Campaign name,Country,Amount spent (USD),Reach,Impressions,Link clicks,Result type,Cost per result,Results,"CPM (cost per 1,000 impressions)",CPC (cost per link click),CTR (all),Reporting starts,Reporting ends
TT ASC 3 | DVY | 14D Best Ads. | M4 | Coscap-2.5$ | 19.05.25 Campaign,TR,920.94,173983,224763,1846.0,BV_YP_DVY_Seminer_ThankYouPage,2.55816667,360.0,4.09738258,0.49888407,1.35342561,2025-05-23,2025-05-29
TT ASC 4 | ÖS | DVY | 14D Best Ads. | M4 | CBO | 22.05.25 Campaign,TR,206.95,47360,51697,471.0,BV_YP_DVY_Seminer_ThankYouPage,2.52378049,82.0,4.00313364,0.43938429,1.49718552,2025-05-23,2025-05-29
TT 16 | DVY | TT SA 47 | FK&BK | M4 | Sales | CBO-BID | 11.05.25,TR,127.84,19024,22217,221.0,BV_YP_DVY_Seminer_ThankYouPage,1.80056338,71.0,5.75415223,0.57846154,1.5978755,2025-05-23,2025-05-29
TT ASC 1 | DVY | 14D Best Ads. | M4 | 16.05.25 Campaign,TR,87.67,21428,22254,220.0,BV_YP_DVY_Seminer_ThankYouPage,2.92233333,30.0,3.93951649,0.3985,1.5323088,2025-05-23,2025-05-29
TT 06 | DVY | C-1 | 14D Best Ads.-P1 | M4 | Lead | CBO | 08.05.25,TR,55.95,15884,15967,147.0,BV_YP_DVY_Seminer_ThankYouPage,3.73,15.0,3.50410221,0.38061224,1.42168222,2025-05-23,2025-05-29
TT 03 | DVY | TT SA 47 | OTPKİ-OLT-BK | M4 | Sales | CBO | CosCap-Mix | 08.05.25,TR,53.02,17144,17673,143.0,BV_YP_DVY_Seminer_ThankYouPage,3.11882353,17.0,3.00005658,0.37076923,1.39761218,2025-05-23,2025-05-29
TT 38 | DVY | GLOBAL-Genel Hedeflemeler | OLT-BK | M4 | Lead | CBO | 25.05.25,DE,51.78,1468,1853,23.0,BV_YP_DVY_Seminer_ThankYouPage,5.178,10.0,27.9438748,2.25130435,2.53642742,2025-05-23,2025-05-29
TT ASC 5 | DVY | 14D Best Ads. | M4 | Coscap-2.25$ | 24.05.25 Campaign,TR,49.85,14192,14808,143.0,BV_YP_DVY_Seminer_ThankYouPage,3.56071429,14.0,3.36642355,0.3486014,1.53295516,2025-05-23,2025-05-29
TT 38 | DVY | GLOBAL-Genel Hedeflemeler | OLT-BK | M4 | Lead | CBO | 25.05.25,GB,40.26,1236,1574,25.0,BV_YP_DVY_Seminer_ThankYouPage,5.75142857,7.0,25.57814485,1.6104,3.11308767,2025-05-23,2025-05-29
TT 38 | DVY | GLOBAL-Genel Hedeflemeler | OLT-BK | M4 | Lead | CBO | 25.05.25,US,38.22,1176,1449,32.0,BV_YP_DVY_Seminer_ThankYouPage,4.7775,8.0,26.37681159,1.194375,4.07177364,2025-05-23,2025-05-29
TT 38 | DVY | GLOBAL-Genel Hedeflemeler | OLT-BK | M4 | Lead | CBO | 25.05.25,BG,17.74,1704,2793,26.0,BV_YP_DVY_Seminer_ThankYouPage,3.548,5.0,6.35159327,0.68230769,1.86179735,2025-05-23,2025-05-29
TT 37 | DVY | USA/AUD-Hedeflemesiz | OLT-BK | M4 | Lead | CBO | 24.05.25,US,17.52,438,490,9.0,BV_YP_DVY_Seminer_ThankYouPage,17.52,1.0,35.75510204,1.94666667,4.28571429,2025-05-23,2025-05-29
TT 38 | DVY | GLOBAL-Genel Hedeflemeler | OLT-BK | M4 | Lead | CBO | 25.05.25,NL,17.06,516,680,17.0,BV_YP_DVY_Seminer_ThankYouPage,8.53,2.0,25.08823529,1.00352941,4.85294118,2025-05-23,2025-05-29
TT 38 | DVY | GLOBAL-Genel Hedeflemeler | OLT-BK | M4 | Lead | CBO | 25.05.25,FR,14.01,852,1021,11.0,BV_YP_DVY_Seminer_ThankYouPage,14.01,1.0,13.72184133,1.27363636,2.15475024,2025-05-23,2025-05-29
TT 38 | DVY | GLOBAL-Genel Hedeflemeler | OLT-BK | M4 | Lead | CBO | 25.05.25,CA,13.43,452,601,12.0,BV_YP_DVY_Seminer_ThankYouPage,4.47666667,3.0,22.34608985,1.11916667,4.49251248,2025-05-23,2025-05-29
TT 16 | DVY | TT SA 47 | FK&BK | M4 | Sales | CBO-BID | 11.05.25,UZ,11.94,2856,3210,15.0,BV_YP_DVY_Seminer_ThankYouPage,11.94,1.0,3.71962617,0.796,0.7788162,2025-05-23,2025-05-29
TT 38 | DVY | GLOBAL-Genel Hedeflemeler | OLT-BK | M4 | Lead | CBO | 25.05.25,BE,11.6,460,613,11.0,BV_YP_DVY_Seminer_ThankYouPage,5.8,2.0,18.9233279,1.05454545,2.77324633,2025-05-23,2025-05-29
TT 36 | DVY | AVRUPA-Hedeflemesiz | OLT-BK | M4 | Lead | CBO | 24.05.25,DE,9.66,220,226,2.0,,,,42.74336283,4.83,3.09734513,2025-05-23,2025-05-29
TT 38 | DVY | GLOBAL-Genel Hedeflemeler | OLT-BK | M4 | Lead | CBO | 25.05.25,AT,9.42,340,482,5.0,,,,19.54356846,1.884,3.31950207,2025-05-23,2025-05-29
TT 38 | DVY | GLOBAL-Genel Hedeflemeler | OLT-BK | M4 | Lead | CBO | 25.05.25,MK,8.97,1616,3276,22.0,BV_YP_DVY_Seminer_ThankYouPage,4.485,2.0,2.73809524,0.40772727,1.25152625,2025-05-23,2025-05-29
TT 35 | DVY | GLOBAL-Hedeflemesiz | OLT-BK | M4 | Lead | CBO | 24.05.25,DE,8.01,194,207,5.0,BV_YP_DVY_Seminer_ThankYouPage,8.01,1.0,38.69565217,1.602,4.83091787,2025-05-23,2025-05-29
TT 38 | DVY | GLOBAL-Genel Hedeflemeler | OLT-BK | M4 | Lead | CBO | 25.05.25,PL,6.81,472,775,9.0,BV_YP_DVY_Seminer_ThankYouPage,6.81,1.0,8.78709677,0.75666667,2.32258065,2025-05-23,2025-05-29
TT 38 | DVY | GLOBAL-Genel Hedeflemeler | OLT-BK | M4 | Lead | CBO | 25.05.25,XK,6.35,1240,2384,15.0,BV_YP_DVY_Seminer_ThankYouPage,1.5875,4.0,2.6635906,0.42333333,1.97147651,2025-05-23,2025-05-29
TT 16 | DVY | TT SA 47 | FK&BK | M4 | Sales | CBO-BID | 11.05.25,CY,6.05,1992,2396,9.0,,,,2.52504174,0.67222222,0.66777963,2025-05-23,2025-05-29
TT 16 | DVY | TT SA 47 | FK&BK | M4 | Sales | CBO-BID | 11.05.25,TM,6.01,2168,2280,20.0,BV_YP_DVY_Seminer_ThankYouPage,0.601,10.0,2.63596491,0.3005,1.05263158,2025-05-23,2025-05-29
TT 38 | DVY | GLOBAL-Genel Hedeflemeler | OLT-BK | M4 | Lead | CBO | 25.05.25,CH,5.54,132,176,5.0,BV_YP_DVY_Seminer_ThankYouPage,5.54,1.0,31.47727273,1.108,5.68181818,2025-05-23,2025-05-29
TT 38 | DVY | GLOBAL-Genel Hedeflemeler | OLT-BK | M4 | Lead | CBO | 25.05.25,AU,5.54,156,190,5.0,BV_YP_DVY_Seminer_ThankYouPage,2.77,2.0,29.15789474,1.108,3.68421053,2025-05-23,2025-05-29
TT 38 | DVY | GLOBAL-Genel Hedeflemeler | OLT-BK | M4 | Lead | CBO | 25.05.25,GR,5.2,580,908,8.0,,,,5.72687225,0.65,1.98237885,2025-05-23,2025-05-29
TT 37 | DVY | USA/AUD-Hedeflemesiz | OLT-BK | M4 | Lead | CBO | 24.05.25,CA,4.62,179,195,3.0,BV_YP_DVY_Seminer_ThankYouPage,2.31,2.0,23.69230769,1.54,2.56410256,2025-05-23,2025-05-29
TT 03 | DVY | TT SA 47 | OTPKİ-OLT-BK | M4 | Sales | CBO | CosCap-Mix | 08.05.25,UZ,4.56,2312,2523,15.0,BV_YP_DVY_Seminer_ThankYouPage,4.56,1.0,1.80737218,0.304,0.79270709,2025-05-23,2025-05-29
TT 38 | DVY | GLOBAL-Genel Hedeflemeler | OLT-BK | M4 | Lead | CBO | 25.05.25,RO,4.52,380,574,7.0,,,,7.87456446,0.64571429,2.43902439,2025-05-23,2025-05-29
TT 16 | DVY | TT SA 47 | FK&BK | M4 | Sales | CBO-BID | 11.05.25,IQ,3.81,1256,1545,37.0,BV_YP_DVY_Seminer_ThankYouPage,3.81,1.0,2.46601942,0.10297297,2.84789644,2025-05-23,2025-05-29
TT 36 | DVY | AVRUPA-Hedeflemesiz | OLT-BK | M4 | Lead | CBO | 24.05.25,GB,3.59,107,109,2.0,,,,32.93577982,1.795,2.75229358,2025-05-23,2025-05-29
TT 38 | DVY | GLOBAL-Genel Hedeflemeler | OLT-BK | M4 | Lead | CBO | 25.05.25,SE,3.17,144,158,5.0,BV_YP_DVY_Seminer_ThankYouPage,3.17,1.0,20.06329114,0.634,4.43037975,2025-05-23,2025-05-29
TT 38 | DVY | GLOBAL-Genel Hedeflemeler | OLT-BK | M4 | Lead | CBO | 25.05.25,ME,3.05,436,723,8.0,BV_YP_DVY_Seminer_ThankYouPage,3.05,1.0,4.21853389,0.38125,2.0746888,2025-05-23,2025-05-29
TT 37 | DVY | USA/AUD-Hedeflemesiz | OLT-BK | M4 | Lead | CBO | 24.05.25,AU,3.01,94,99,2.0,,,,30.4040404,1.505,5.05050505,2025-05-23,2025-05-29
TT 38 | DVY | GLOBAL-Genel Hedeflemeler | OLT-BK | M4 | Lead | CBO | 25.05.25,IT,2.98,176,302,2.0,,,,9.86754967,1.49,1.98675497,2025-05-23,2025-05-29
TT 03 | DVY | TT SA 47 | OTPKİ-OLT-BK | M4 | Sales | CBO | CosCap-Mix | 08.05.25,CY,2.77,1400,1552,12.0,BV_YP_DVY_Seminer_ThankYouPage,1.385,2.0,1.78479381,0.23083333,1.15979381,2025-05-23,2025-05-29
TT 36 | DVY | AVRUPA-Hedeflemesiz | OLT-BK | M4 | Lead | CBO | 24.05.25,FR,2.76,120,127,2.0,,,,21.73228346,1.38,3.93700787,2025-05-23,2025-05-29
TT 35 | DVY | GLOBAL-Hedeflemesiz | OLT-BK | M4 | Lead | CBO | 24.05.25,US,2.57,88,98,1.0,,,,26.2244898,2.57,2.04081633,2025-05-23,2025-05-29
TT 36 | DVY | AVRUPA-Hedeflemesiz | OLT-BK | M4 | Lead | CBO | 24.05.25,NL,2.54,55,57,,,,,44.56140351,,0.0,2025-05-23,2025-05-29
TT 35 | DVY | GLOBAL-Hedeflemesiz | OLT-BK | M4 | Lead | CBO | 24.05.25,GB,2.46,60,63,1.0,,,,39.04761905,2.46,1.58730159,2025-05-23,2025-05-29
TT 16 | DVY | TT SA 47 | FK&BK | M4 | Sales | CBO-BID | 11.05.25,KG,2.25,544,638,2.0,,,,3.52664577,1.125,0.62695925,2025-05-23,2025-05-29
TT 03 | DVY | TT SA 47 | OTPKİ-OLT-BK | M4 | Sales | CBO | CosCap-Mix | 08.05.25,TM,2.25,1080,1182,5.0,BV_YP_DVY_Seminer_ThankYouPage,2.25,1.0,1.9035533,0.45,0.67681895,2025-05-23,2025-05-29
TT 38 | DVY | GLOBAL-Genel Hedeflemeler | OLT-BK | M4 | Lead | CBO | 25.05.25,DK,2.1,84,121,,,,,17.3553719,,0.0,2025-05-23,2025-05-29
TT 36 | DVY | AVRUPA-Hedeflemesiz | OLT-BK | M4 | Lead | CBO | 24.05.25,BG,2.06,160,181,,,,,11.38121547,,0.0,2025-05-23,2025-05-29
TT 16 | DVY | TT SA 47 | FK&BK | M4 | Sales | CBO-BID | 11.05.25,GE,1.97,576,711,5.0,BV_YP_DVY_Seminer_ThankYouPage,0.985,2.0,2.77074543,0.394,1.40646976,2025-05-23,2025-05-29
TT 38 | DVY | GLOBAL-Genel Hedeflemeler | OLT-BK | M4 | Lead | CBO | 25.05.25,UA,1.95,328,506,4.0,BV_YP_DVY_Seminer_ThankYouPage,0.975,2.0,3.85375494,0.4875,1.97628458,2025-05-23,2025-05-29
TT 38 | DVY | GLOBAL-Genel Hedeflemeler | OLT-BK | M4 | Lead | CBO | 25.05.25,AL,1.81,256,421,3.0,,,,4.29928741,0.60333333,1.66270784,2025-05-23,2025-05-29
TT 38 | DVY | GLOBAL-Genel Hedeflemeler | OLT-BK | M4 | Lead | CBO | 25.05.25,MT,1.78,88,152,1.0,,,,11.71052632,1.78,1.31578947,2025-05-23,2025-05-29
TT 35 | DVY | GLOBAL-Hedeflemesiz | OLT-BK | M4 | Lead | CBO | 24.05.25,FR,1.72,89,95,1.0,BV_YP_DVY_Seminer_ThankYouPage,1.72,1.0,18.10526316,1.72,1.05263158,2025-05-23,2025-05-29
TT 36 | DVY | AVRUPA-Hedeflemesiz | OLT-BK | M4 | Lead | CBO | 24.05.25,BE,1.7,71,72,,,,,23.61111111,,2.77777778,2025-05-23,2025-05-29
TT 16 | DVY | TT SA 47 | FK&BK | M4 | Sales | CBO-BID | 11.05.25,KZ,1.63,176,266,3.0,,,,6.12781955,0.54333333,1.87969925,2025-05-23,2025-05-29
TT 38 | DVY | GLOBAL-Genel Hedeflemeler | OLT-BK | M4 | Lead | CBO | 25.05.25,BY,1.4,232,424,4.0,,,,3.30188679,0.35,1.17924528,2025-05-23,2025-05-29
TT 35 | DVY | GLOBAL-Hedeflemesiz | OLT-BK | M4 | Lead | CBO | 24.05.25,NL,1.4,48,51,,,,,27.45098039,,0.0,2025-05-23,2025-05-29
TT 38 | DVY | GLOBAL-Genel Hedeflemeler | OLT-BK | M4 | Lead | CBO | 25.05.25,NO,1.37,44,64,1.0,BV_YP_DVY_Seminer_ThankYouPage,1.37,1.0,21.40625,1.37,1.5625,2025-05-23,2025-05-29
TT 35 | DVY | GLOBAL-Hedeflemesiz | OLT-BK | M4 | Lead | CBO | 24.05.25,BE,1.33,35,37,1.0,,,,35.94594595,1.33,2.7027027,2025-05-23,2025-05-29
TT 16 | DVY | TT SA 47 | FK&BK | M4 | Sales | CBO-BID | 11.05.25,BG,1.31,56,73,3.0,,,,17.94520548,0.43666667,4.10958904,2025-05-23,2025-05-29
TT 35 | DVY | GLOBAL-Hedeflemesiz | OLT-BK | M4 | Lead | CBO | 24.05.25,AT,1.31,40,41,,,,,31.95121951,,0.0,2025-05-23,2025-05-29
TT 38 | DVY | GLOBAL-Genel Hedeflemeler | OLT-BK | M4 | Lead | CBO | 25.05.25,RS,1.29,220,381,2.0,BV_YP_DVY_Seminer_ThankYouPage,1.29,1.0,3.38582677,0.645,1.04986877,2025-05-23,2025-05-29
TT 03 | DVY | TT SA 47 | OTPKİ-OLT-BK | M4 | Sales | CBO | CosCap-Mix | 08.05.25,KG,1.26,288,338,1.0,,,,3.72781065,1.26,0.29585799,2025-05-23,2025-05-29
TT 36 | DVY | AVRUPA-Hedeflemesiz | OLT-BK | M4 | Lead | CBO | 24.05.25,AT,1.23,47,48,1.0,BV_YP_DVY_Seminer_ThankYouPage,1.23,1.0,25.625,1.23,4.16666667,2025-05-23,2025-05-29
TT 16 | DVY | TT SA 47 | FK&BK | M4 | Sales | CBO-BID | 11.05.25,GB,1.17,72,91,3.0,BV_YP_DVY_Seminer_ThankYouPage,1.17,1.0,12.85714286,0.39,5.49450549,2025-05-23,2025-05-29
TT 16 | DVY | TT SA 47 | FK&BK | M4 | Sales | CBO-BID | 11.05.25,DE,1.15,240,264,1.0,,,,4.35606061,1.15,0.37878788,2025-05-23,2025-05-29
TT 38 | DVY | GLOBAL-Genel Hedeflemeler | OLT-BK | M4 | Lead | CBO | 25.05.25,HU,1.11,128,164,2.0,,,,6.76829268,0.555,2.43902439,2025-05-23,2025-05-29
TT 38 | DVY | GLOBAL-Genel Hedeflemeler | OLT-BK | M4 | Lead | CBO | 25.05.25,IE,1.1,48,90,1.0,BV_YP_DVY_Seminer_ThankYouPage,1.1,1.0,12.22222222,1.1,2.22222222,2025-05-23,2025-05-29
TT 35 | DVY | GLOBAL-Hedeflemesiz | OLT-BK | M4 | Lead | CBO | 24.05.25,BG,1.08,130,147,,,,,7.34693878,,1.36054422,2025-05-23,2025-05-29
TT 38 | DVY | GLOBAL-Genel Hedeflemeler | OLT-BK | M4 | Lead | CBO | 25.05.25,ES,1.03,56,87,1.0,BV_YP_DVY_Seminer_ThankYouPage,1.03,1.0,11.83908046,1.03,4.59770115,2025-05-23,2025-05-29
TT 03 | DVY | TT SA 47 | OTPKİ-OLT-BK | M4 | Sales | CBO | CosCap-Mix | 08.05.25,IQ,1.0,864,921,6.0,,,,1.08577633,0.16666667,0.9771987,2025-05-23,2025-05-29
TT 38 | DVY | GLOBAL-Genel Hedeflemeler | OLT-BK | M4 | Lead | CBO | 25.05.25,BA,0.95,172,311,,,,,3.05466238,,0.96463023,2025-05-23,2025-05-29
TT 16 | DVY | TT SA 47 | FK&BK | M4 | Sales | CBO-BID | 11.05.25,TJ,0.93,80,150,5.0,,,,6.2,0.186,4.0,2025-05-23,2025-05-29
TT 35 | DVY | GLOBAL-Hedeflemesiz | OLT-BK | M4 | Lead | CBO | 24.05.25,SE,0.9,20,20,3.0,,,,45.0,0.3,15.0,2025-05-23,2025-05-29
TT 35 | DVY | GLOBAL-Hedeflemesiz | OLT-BK | M4 | Lead | CBO | 24.05.25,AU,0.84,23,24,,,,,35.0,,4.16666667,2025-05-23,2025-05-29
TT 16 | DVY | TT SA 47 | FK&BK | M4 | Sales | CBO-BID | 11.05.25,DZ,0.83,320,371,3.0,BV_YP_DVY_Seminer_ThankYouPage,0.83,1.0,2.23719677,0.27666667,0.80862534,2025-05-23,2025-05-29
TT 38 | DVY | GLOBAL-Genel Hedeflemeler | OLT-BK | M4 | Lead | CBO | 25.05.25,NZ,0.8,16,27,,,,,29.62962963,,0.0,2025-05-23,2025-05-29
TT 38 | DVY | GLOBAL-Genel Hedeflemeler | OLT-BK | M4 | Lead | CBO | 25.05.25,CZ,0.75,68,85,2.0,,,,8.82352941,0.375,2.35294118,2025-05-23,2025-05-29
TT 03 | DVY | TT SA 47 | OTPKİ-OLT-BK | M4 | Sales | CBO | CosCap-Mix | 08.05.25,KZ,0.73,120,218,2.0,,,,3.34862385,0.365,2.29357798,2025-05-23,2025-05-29
TT 16 | DVY | TT SA 47 | FK&BK | M4 | Sales | CBO-BID | 11.05.25,US,0.71,73,73,,BV_YP_DVY_Seminer_ThankYouPage,0.71,1.0,9.7260274,,0.0,2025-05-23,2025-05-29
TT 36 | DVY | AVRUPA-Hedeflemesiz | OLT-BK | M4 | Lead | CBO | 24.05.25,PL,0.7,77,78,1.0,,,,8.97435897,0.7,1.28205128,2025-05-23,2025-05-29
TT 36 | DVY | AVRUPA-Hedeflemesiz | OLT-BK | M4 | Lead | CBO | 24.05.25,RO,0.69,52,60,1.0,,,,11.5,0.69,1.66666667,2025-05-23,2025-05-29
TT 38 | DVY | GLOBAL-Genel Hedeflemeler | OLT-BK | M4 | Lead | CBO | 25.05.25,FI,0.68,41,41,1.0,,,,16.58536585,0.68,2.43902439,2025-05-23,2025-05-29
TT 35 | DVY | GLOBAL-Hedeflemesiz | OLT-BK | M4 | Lead | CBO | 24.05.25,CA,0.67,37,38,,,,,17.63157895,,5.26315789,2025-05-23,2025-05-29
TT 16 | DVY | TT SA 47 | FK&BK | M4 | Sales | CBO-BID | 11.05.25,CN,0.67,120,156,1.0,BV_YP_DVY_Seminer_ThankYouPage,0.1675,4.0,4.29487179,0.67,1.28205128,2025-05-23,2025-05-29
TT 35 | DVY | GLOBAL-Hedeflemesiz | OLT-BK | M4 | Lead | CBO | 24.05.25,MK,0.66,180,206,,,,,3.2038835,,0.48543689,2025-05-23,2025-05-29
TT 36 | DVY | AVRUPA-Hedeflemesiz | OLT-BK | M4 | Lead | CBO | 24.05.25,MK,0.65,204,233,2.0,BV_YP_DVY_Seminer_ThankYouPage,0.65,1.0,2.78969957,0.325,2.14592275,2025-05-23,2025-05-29
TT 03 | DVY | TT SA 47 | OTPKİ-OLT-BK | M4 | Sales | CBO | CosCap-Mix | 08.05.25,GE,0.65,328,368,2.0,,,,1.76630435,0.325,0.81521739,2025-05-23,2025-05-29
TT 38 | DVY | GLOBAL-Genel Hedeflemeler | OLT-BK | M4 | Lead | CBO | 25.05.25,MD,0.59,108,141,,,,,4.18439716,,1.41843972,2025-05-23,2025-05-29
TT 16 | DVY | TT SA 47 | FK&BK | M4 | Sales | CBO-BID | 11.05.25,NG,0.58,123,123,3.0,,,,4.71544715,0.19333333,4.06504065,2025-05-23,2025-05-29
TT 36 | DVY | AVRUPA-Hedeflemesiz | OLT-BK | M4 | Lead | CBO | 24.05.25,CH,0.58,18,18,,,,,32.22222222,,0.0,2025-05-23,2025-05-29
TT 37 | DVY | USA/AUD-Hedeflemesiz | OLT-BK | M4 | Lead | CBO | 24.05.25,NZ,0.58,10,15,,,,,38.66666667,,0.0,2025-05-23,2025-05-29
TT 16 | DVY | TT SA 47 | FK&BK | M4 | Sales | CBO-BID | 11.05.25,ET,0.57,104,122,10.0,,,,4.67213115,0.057,7.37704918,2025-05-23,2025-05-29
TT 36 | DVY | AVRUPA-Hedeflemesiz | OLT-BK | M4 | Lead | CBO | 24.05.25,PT,0.57,9,12,,,,,47.5,,0.0,2025-05-23,2025-05-29
TT 36 | DVY | AVRUPA-Hedeflemesiz | OLT-BK | M4 | Lead | CBO | 24.05.25,IT,0.49,35,38,,,,,12.89473684,,0.0,2025-05-23,2025-05-29
TT 16 | DVY | TT SA 47 | FK&BK | M4 | Sales | CBO-BID | 11.05.25,AE,0.48,64,103,,BV_YP_DVY_Seminer_ThankYouPage,0.48,1.0,4.66019417,,1.94174757,2025-05-23,2025-05-29
TT 36 | DVY | AVRUPA-Hedeflemesiz | OLT-BK | M4 | Lead | CBO | 24.05.25,SE,0.48,20,20,,,,,24.0,,5.0,2025-05-23,2025-05-29
TT 35 | DVY | GLOBAL-Hedeflemesiz | OLT-BK | M4 | Lead | CBO | 24.05.25,RO,0.48,42,45,,,,,10.66666667,,4.44444444,2025-05-23,2025-05-29
TT 38 | DVY | GLOBAL-Genel Hedeflemeler | OLT-BK | M4 | Lead | CBO | 25.05.25,PT,0.48,44,56,,,,,8.57142857,,0.0,2025-05-23,2025-05-29
TT 35 | DVY | GLOBAL-Hedeflemesiz | OLT-BK | M4 | Lead | CBO | 24.05.25,XK,0.46,95,101,,,,,4.55445545,,0.0,2025-05-23,2025-05-29
TT 36 | DVY | AVRUPA-Hedeflemesiz | OLT-BK | M4 | Lead | CBO | 24.05.25,XK,0.44,98,109,,,,,4.03669725,,0.91743119,2025-05-23,2025-05-29
TT 03 | DVY | TT SA 47 | OTPKİ-OLT-BK | M4 | Sales | CBO | CosCap-Mix | 08.05.25,DE,0.42,159,159,4.0,,,,2.64150943,0.105,3.14465409,2025-05-23,2025-05-29
TT 36 | DVY | AVRUPA-Hedeflemesiz | OLT-BK | M4 | Lead | CBO | 24.05.25,GR,0.39,54,54,,,,,7.22222222,,0.0,2025-05-23,2025-05-29
TT 35 | DVY | GLOBAL-Hedeflemesiz | OLT-BK | M4 | Lead | CBO | 24.05.25,PL,0.38,50,53,1.0,BV_YP_DVY_Seminer_ThankYouPage,0.38,1.0,7.16981132,0.38,5.66037736,2025-05-23,2025-05-29
TT 38 | DVY | GLOBAL-Genel Hedeflemeler | OLT-BK | M4 | Lead | CBO | 25.05.25,SK,0.38,48,66,,,,,5.75757576,,1.51515152,2025-05-23,2025-05-29
TT 38 | DVY | GLOBAL-Genel Hedeflemeler | OLT-BK | M4 | Lead | CBO | 25.05.25,LT,0.38,32,47,,,,,8.08510638,,0.0,2025-05-23,2025-05-29
TT 16 | DVY | TT SA 47 | FK&BK | M4 | Sales | CBO-BID | 11.05.25,EG,0.38,144,166,1.0,,,,2.28915663,0.38,1.20481928,2025-05-23,2025-05-29
TT 16 | DVY | TT SA 47 | FK&BK | M4 | Sales | CBO-BID | 11.05.25,SN,0.37,63,63,5.0,,,,5.87301587,0.074,6.34920635,2025-05-23,2025-05-29
TT 16 | DVY | TT SA 47 | FK&BK | M4 | Sales | CBO-BID | 11.05.25,SA,0.37,138,138,1.0,,,,2.68115942,0.37,1.44927536,2025-05-23,2025-05-29
TT 16 | DVY | TT SA 47 | FK&BK | M4 | Sales | CBO-BID | 11.05.25,MA,0.36,88,114,2.0,,,,3.15789474,0.18,1.75438596,2025-05-23,2025-05-29
TT 16 | DVY | TT SA 47 | FK&BK | M4 | Sales | CBO-BID | 11.05.25,LY,0.35,240,283,2.0,,,,1.23674912,0.175,1.06007067,2025-05-23,2025-05-29
TT 16 | DVY | TT SA 47 | FK&BK | M4 | Sales | CBO-BID | 11.05.25,SO,0.35,120,218,4.0,,,,1.60550459,0.0875,2.29357798,2025-05-23,2025-05-29
TT 35 | DVY | GLOBAL-Hedeflemesiz | OLT-BK | M4 | Lead | CBO | 24.05.25,GR,0.32,59,70,,,,,4.57142857,,0.0,2025-05-23,2025-05-29
TT 16 | DVY | TT SA 47 | FK&BK | M4 | Sales | CBO-BID | 11.05.25,RO,0.32,16,34,,,,,9.41176471,,0.0,2025-05-23,2025-05-29
TT 35 | DVY | GLOBAL-Hedeflemesiz | OLT-BK | M4 | Lead | CBO | 24.05.25,CH,0.32,18,18,,,,,17.77777778,,0.0,2025-05-23,2025-05-29
TT 16 | DVY | TT SA 47 | FK&BK | M4 | Sales | CBO-BID | 11.05.25,NL,0.31,66,66,1.0,,,,4.6969697,0.31,1.51515152,2025-05-23,2025-05-29
TT 16 | DVY | TT SA 47 | FK&BK | M4 | Sales | CBO-BID | 11.05.25,IL,0.31,9,9,,,,,34.44444444,,0.0,2025-05-23,2025-05-29
TT 38 | DVY | GLOBAL-Genel Hedeflemeler | OLT-BK | M4 | Lead | CBO | 25.05.25,LU,0.3,19,19,,,,,15.78947368,,0.0,2025-05-23,2025-05-29
TT 35 | DVY | GLOBAL-Hedeflemesiz | OLT-BK | M4 | Lead | CBO | 24.05.25,IT,0.3,29,32,,,,,9.375,,3.125,2025-05-23,2025-05-29
TT 16 | DVY | TT SA 47 | FK&BK | M4 | Sales | CBO-BID | 11.05.25,MK,0.29,40,85,,,,,3.41176471,,0.0,2025-05-23,2025-05-29
TT 06 | DVY | C-1 | 14D Best Ads.-P1 | M4 | Lead | CBO | 08.05.25,DE,0.28,128,135,3.0,,,,2.07407407,0.09333333,3.7037037,2025-05-23,2025-05-29
TT 36 | DVY | AVRUPA-Hedeflemesiz | OLT-BK | M4 | Lead | CBO | 24.05.25,CZ,0.27,15,17,,,,,15.88235294,,0.0,2025-05-23,2025-05-29
TT 16 | DVY | TT SA 47 | FK&BK | M4 | Sales | CBO-BID | 11.05.25,MN,0.27,88,148,1.0,,,,1.82432432,0.27,1.35135135,2025-05-23,2025-05-29
TT 03 | DVY | TT SA 47 | OTPKİ-OLT-BK | M4 | Sales | CBO | CosCap-Mix | 08.05.25,CN,0.26,80,84,,,,,3.0952381,,0.0,2025-05-23,2025-05-29
TT 03 | DVY | TT SA 47 | OTPKİ-OLT-BK | M4 | Sales | CBO | CosCap-Mix | 08.05.25,AE,0.25,40,50,,,,,5.0,,2.0,2025-05-23,2025-05-29
TT 16 | DVY | TT SA 47 | FK&BK | M4 | Sales | CBO-BID | 11.05.25,ID,0.25,24,34,1.0,,,,7.35294118,0.25,5.88235294,2025-05-23,2025-05-29
TT 36 | DVY | AVRUPA-Hedeflemesiz | OLT-BK | M4 | Lead | CBO | 24.05.25,ME,0.24,45,47,1.0,,,,5.10638298,0.24,2.12765957,2025-05-23,2025-05-29
TT 16 | DVY | TT SA 47 | FK&BK | M4 | Sales | CBO-BID | 11.05.25,ZA,0.23,24,30,,,,,7.66666667,,0.0,2025-05-23,2025-05-29
TT 16 | DVY | TT SA 47 | FK&BK | M4 | Sales | CBO-BID | 11.05.25,TH,0.23,0,55,,BV_YP_DVY_Seminer_ThankYouPage,0.23,1.0,4.18181818,,0.0,2025-05-23,2025-05-29
TT 16 | DVY | TT SA 47 | FK&BK | M4 | Sales | CBO-BID | 11.05.25,FR,0.22,24,44,2.0,,,,5.0,0.11,6.81818182,2025-05-23,2025-05-29
TT 38 | DVY | GLOBAL-Genel Hedeflemeler | OLT-BK | M4 | Lead | CBO | 25.05.25,HR,0.22,44,56,,,,,3.92857143,,0.0,2025-05-23,2025-05-29
TT 36 | DVY | AVRUPA-Hedeflemesiz | OLT-BK | M4 | Lead | CBO | 24.05.25,NO,0.22,5,6,,,,,36.66666667,,0.0,2025-05-23,2025-05-29
TT 03 | DVY | TT SA 47 | OTPKİ-OLT-BK | M4 | Sales | CBO | CosCap-Mix | 08.05.25,GB,0.22,58,58,,,,,3.79310345,,1.72413793,2025-05-23,2025-05-29
TT 36 | DVY | AVRUPA-Hedeflemesiz | OLT-BK | M4 | Lead | CBO | 24.05.25,ES,0.22,13,14,,,,,15.71428571,,0.0,2025-05-23,2025-05-29
TT 36 | DVY | AVRUPA-Hedeflemesiz | OLT-BK | M4 | Lead | CBO | 24.05.25,DK,0.21,7,8,,,,,26.25,,0.0,2025-05-23,2025-05-29
TT 36 | DVY | AVRUPA-Hedeflemesiz | OLT-BK | M4 | Lead | CBO | 24.05.25,FI,0.21,9,9,,,,,23.33333333,,0.0,2025-05-23,2025-05-29
TT 36 | DVY | AVRUPA-Hedeflemesiz | OLT-BK | M4 | Lead | CBO | 24.05.25,HU,0.21,17,17,,,,,12.35294118,,0.0,2025-05-23,2025-05-29
TT 16 | DVY | TT SA 47 | FK&BK | M4 | Sales | CBO-BID | 11.05.25,PL,0.19,47,47,,,,,4.04255319,,0.0,2025-05-23,2025-05-29
TT 35 | DVY | GLOBAL-Hedeflemesiz | OLT-BK | M4 | Lead | CBO | 24.05.25,FI,0.19,9,9,,,,,21.11111111,,0.0,2025-05-23,2025-05-29
TT 16 | DVY | TT SA 47 | FK&BK | M4 | Sales | CBO-BID | 11.05.25,QA,0.19,40,47,1.0,,,,4.04255319,0.19,2.12765957,2025-05-23,2025-05-29
TT 16 | DVY | TT SA 47 | FK&BK | M4 | Sales | CBO-BID | 11.05.25,CM,0.19,64,78,,,,,2.43589744,,0.0,2025-05-23,2025-05-29
TT 16 | DVY | TT SA 47 | FK&BK | M4 | Sales | CBO-BID | 11.05.25,KH,0.18,17,17,,,,,10.58823529,,11.76470588,2025-05-23,2025-05-29
TT 35 | DVY | GLOBAL-Hedeflemesiz | OLT-BK | M4 | Lead | CBO | 24.05.25,HU,0.18,16,16,1.0,,,,11.25,0.18,6.25,2025-05-23,2025-05-29
TT 06 | DVY | C-1 | 14D Best Ads.-P1 | M4 | Lead | CBO | 08.05.25,GB,0.17,24,37,,,,,4.59459459,,0.0,2025-05-23,2025-05-29
TT 03 | DVY | TT SA 47 | OTPKİ-OLT-BK | M4 | Sales | CBO | CosCap-Mix | 08.05.25,DZ,0.17,244,244,2.0,,,,0.69672131,0.085,0.81967213,2025-05-23,2025-05-29
TT 36 | DVY | AVRUPA-Hedeflemesiz | OLT-BK | M4 | Lead | CBO | 24.05.25,AL,0.17,32,36,1.0,,,,4.72222222,0.17,5.55555556,2025-05-23,2025-05-29
TT 16 | DVY | TT SA 47 | FK&BK | M4 | Sales | CBO-BID | 11.05.25,XK,0.17,65,65,,,,,2.61538462,,0.0,2025-05-23,2025-05-29
TT 35 | DVY | GLOBAL-Hedeflemesiz | OLT-BK | M4 | Lead | CBO | 24.05.25,UA,0.17,28,31,,,,,5.48387097,,0.0,2025-05-23,2025-05-29
TT 03 | DVY | TT SA 47 | OTPKİ-OLT-BK | M4 | Sales | CBO | CosCap-Mix | 08.05.25,RO,0.16,24,31,1.0,,,,5.16129032,0.16,3.22580645,2025-05-23,2025-05-29
TT 38 | DVY | GLOBAL-Genel Hedeflemeler | OLT-BK | M4 | Lead | CBO | 25.05.25,LV,0.15,14,14,,,,,10.71428571,,0.0,2025-05-23,2025-05-29
TT 06 | DVY | C-1 | 14D Best Ads.-P1 | M4 | Lead | CBO | 08.05.25,NL,0.15,31,31,,,,,4.83870968,,0.0,2025-05-23,2025-05-29
TT 16 | DVY | TT SA 47 | FK&BK | M4 | Sales | CBO-BID | 11.05.25,CI,0.15,32,43,,,,,3.48837209,,0.0,2025-05-23,2025-05-29
TT 16 | DVY | TT SA 47 | FK&BK | M4 | Sales | CBO-BID | 11.05.25,CA,0.14,14,14,,,,,10.0,,0.0,2025-05-23,2025-05-29
TT 03 | DVY | TT SA 47 | OTPKİ-OLT-BK | M4 | Sales | CBO | CosCap-Mix | 08.05.25,NL,0.14,58,58,,,,,2.4137931,,1.72413793,2025-05-23,2025-05-29
TT 35 | DVY | GLOBAL-Hedeflemesiz | OLT-BK | M4 | Lead | CBO | 24.05.25,DK,0.14,8,9,1.0,,,,15.55555556,0.14,11.11111111,2025-05-23,2025-05-29
TT 16 | DVY | TT SA 47 | FK&BK | M4 | Sales | CBO-BID | 11.05.25,TN,0.14,96,96,2.0,,,,1.45833333,0.07,2.08333333,2025-05-23,2025-05-29
TT 16 | DVY | TT SA 47 | FK&BK | M4 | Sales | CBO-BID | 11.05.25,BE,0.14,21,21,,,,,6.66666667,,0.0,2025-05-23,2025-05-29
TT 16 | DVY | TT SA 47 | FK&BK | M4 | Sales | CBO-BID | 11.05.25,AM,0.13,16,25,,,,,5.2,,8.0,2025-05-23,2025-05-29
TT 35 | DVY | GLOBAL-Hedeflemesiz | OLT-BK | M4 | Lead | CBO | 24.05.25,IE,0.13,6,8,,,,,16.25,,0.0,2025-05-23,2025-05-29
TT 03 | DVY | TT SA 47 | OTPKİ-OLT-BK | M4 | Sales | CBO | CosCap-Mix | 08.05.25,SA,0.13,80,104,2.0,,,,1.25,0.065,2.88461538,2025-05-23,2025-05-29
TT 36 | DVY | AVRUPA-Hedeflemesiz | OLT-BK | M4 | Lead | CBO | 24.05.25,UA,0.13,31,34,2.0,,,,3.82352941,0.065,8.82352941,2025-05-23,2025-05-29
TT 16 | DVY | TT SA 47 | FK&BK | M4 | Sales | CBO-BID | 11.05.25,GR,0.13,25,25,,,,,5.2,,0.0,2025-05-23,2025-05-29
TT 03 | DVY | TT SA 47 | OTPKİ-OLT-BK | M4 | Sales | CBO | CosCap-Mix | 08.05.25,US,0.13,24,51,,,,,2.54901961,,0.0,2025-05-23,2025-05-29
TT 03 | DVY | TT SA 47 | OTPKİ-OLT-BK | M4 | Sales | CBO | CosCap-Mix | 08.05.25,BG,0.13,8,33,1.0,,,,3.93939394,0.13,3.03030303,2025-05-23,2025-05-29
TT 16 | DVY | TT SA 47 | FK&BK | M4 | Sales | CBO-BID | 11.05.25,MX,0.12,8,12,2.0,BV_YP_DVY_Seminer_ThankYouPage,0.12,1.0,10.0,0.06,33.33333333,2025-05-23,2025-05-29
TT 03 | DVY | TT SA 47 | OTPKİ-OLT-BK | M4 | Sales | CBO | CosCap-Mix | 08.05.25,MX,0.12,8,12,1.0,,,,10.0,0.12,25.0,2025-05-23,2025-05-29
TT 36 | DVY | AVRUPA-Hedeflemesiz | OLT-BK | M4 | Lead | CBO | 24.05.25,SK,0.12,4,6,1.0,,,,20.0,0.12,33.33333333,2025-05-23,2025-05-29
TT 35 | DVY | GLOBAL-Hedeflemesiz | OLT-BK | M4 | Lead | CBO | 24.05.25,ME,0.12,31,32,,,,,3.75,,0.0,2025-05-23,2025-05-29
TT 36 | DVY | AVRUPA-Hedeflemesiz | OLT-BK | M4 | Lead | CBO | 24.05.25,RS,0.12,22,22,,,,,5.45454545,,0.0,2025-05-23,2025-05-29
TT 36 | DVY | AVRUPA-Hedeflemesiz | OLT-BK | M4 | Lead | CBO | 24.05.25,MT,0.12,13,15,,,,,8.0,,0.0,2025-05-23,2025-05-29
TT 03 | DVY | TT SA 47 | OTPKİ-OLT-BK | M4 | Sales | CBO | CosCap-Mix | 08.05.25,MK,0.11,40,52,2.0,,,,2.11538462,0.055,5.76923077,2025-05-23,2025-05-29
TT 03 | DVY | TT SA 47 | OTPKİ-OLT-BK | M4 | Sales | CBO | CosCap-Mix | 08.05.25,BR,0.11,8,25,,,,,4.4,,0.0,2025-05-23,2025-05-29
TT 06 | DVY | C-1 | 14D Best Ads.-P1 | M4 | Lead | CBO | 08.05.25,BE,0.11,22,22,,,,,5.0,,0.0,2025-05-23,2025-05-29
TT 16 | DVY | TT SA 47 | FK&BK | M4 | Sales | CBO-BID | 11.05.25,TZ,0.11,24,50,,,,,2.2,,0.0,2025-05-23,2025-05-29
TT 36 | DVY | AVRUPA-Hedeflemesiz | OLT-BK | M4 | Lead | CBO | 24.05.25,BY,0.11,26,29,,,,,3.79310345,,0.0,2025-05-23,2025-05-29
TT 35 | DVY | GLOBAL-Hedeflemesiz | OLT-BK | M4 | Lead | CBO | 24.05.25,AL,0.11,19,20,,,,,5.5,,0.0,2025-05-23,2025-05-29
TT 36 | DVY | AVRUPA-Hedeflemesiz | OLT-BK | M4 | Lead | CBO | 24.05.25,IE,0.1,9,9,,,,,11.11111111,,0.0,2025-05-23,2025-05-29
TT 16 | DVY | TT SA 47 | FK&BK | M4 | Sales | CBO-BID | 11.05.25,ME,0.1,40,74,,,,,1.35135135,,1.35135135,2025-05-23,2025-05-29
TT 06 | DVY | C-1 | 14D Best Ads.-P1 | M4 | Lead | CBO | 08.05.25,FR,0.1,29,29,1.0,,,,3.44827586,0.1,6.89655172,2025-05-23,2025-05-29
TT 38 | DVY | GLOBAL-Genel Hedeflemeler | OLT-BK | M4 | Lead | CBO | 25.05.25,SI,0.1,16,24,,,,,4.16666667,,0.0,2025-05-23,2025-05-29
TT 03 | DVY | TT SA 47 | OTPKİ-OLT-BK | M4 | Sales | CBO | CosCap-Mix | 08.05.25,FR,0.1,57,57,,,,,1.75438596,,0.0,2025-05-23,2025-05-29
TT 03 | DVY | TT SA 47 | OTPKİ-OLT-BK | M4 | Sales | CBO | CosCap-Mix | 08.05.25,XK,0.1,35,35,,,,,2.85714286,,0.0,2025-05-23,2025-05-29
TT 03 | DVY | TT SA 47 | OTPKİ-OLT-BK | M4 | Sales | CBO | CosCap-Mix | 08.05.25,BE,0.09,16,19,,,,,4.73684211,,0.0,2025-05-23,2025-05-29
TT 16 | DVY | TT SA 47 | FK&BK | M4 | Sales | CBO-BID | 11.05.25,LB,0.09,13,13,,,,,6.92307692,,7.69230769,2025-05-23,2025-05-29
TT 03 | DVY | TT SA 47 | OTPKİ-OLT-BK | M4 | Sales | CBO | CosCap-Mix | 08.05.25,TJ,0.09,72,89,,,,,1.01123596,,0.0,2025-05-23,2025-05-29
TT 16 | DVY | TT SA 47 | FK&BK | M4 | Sales | CBO-BID | 11.05.25,BR,0.09,0,16,1.0,,,,5.625,0.09,6.25,2025-05-23,2025-05-29
TT 03 | DVY | TT SA 47 | OTPKİ-OLT-BK | M4 | Sales | CBO | CosCap-Mix | 08.05.25,MA,0.08,96,104,,,,,0.76923077,,0.0,2025-05-23,2025-05-29
TT 03 | DVY | TT SA 47 | OTPKİ-OLT-BK | M4 | Sales | CBO | CosCap-Mix | 08.05.25,EG,0.08,69,69,,,,,1.15942029,,0.0,2025-05-23,2025-05-29
TT 16 | DVY | TT SA 47 | FK&BK | M4 | Sales | CBO-BID | 11.05.25,GN,0.08,24,46,1.0,,,,1.73913043,0.08,2.17391304,2025-05-23,2025-05-29
TT 35 | DVY | GLOBAL-Hedeflemesiz | OLT-BK | M4 | Lead | CBO | 24.05.25,MT,0.08,10,11,,,,,7.27272727,,0.0,2025-05-23,2025-05-29
TT 03 | DVY | TT SA 47 | OTPKİ-OLT-BK | M4 | Sales | CBO | CosCap-Mix | 08.05.25,TH,0.08,8,29,1.0,,,,2.75862069,0.08,3.44827586,2025-05-23,2025-05-29
TT 16 | DVY | TT SA 47 | FK&BK | M4 | Sales | CBO-BID | 11.05.25,MR,0.07,27,27,1.0,,,,2.59259259,0.07,3.7037037,2025-05-23,2025-05-29
TT 35 | DVY | GLOBAL-Hedeflemesiz | OLT-BK | M4 | Lead | CBO | 24.05.25,CZ,0.07,8,9,,,,,7.77777778,,0.0,2025-05-23,2025-05-29
TT 03 | DVY | TT SA 47 | OTPKİ-OLT-BK | M4 | Sales | CBO | CosCap-Mix | 08.05.25,GR,0.07,21,21,,,,,3.33333333,,0.0,2025-05-23,2025-05-29
TT 03 | DVY | TT SA 47 | OTPKİ-OLT-BK | M4 | Sales | CBO | CosCap-Mix | 08.05.25,LY,0.07,96,155,,,,,0.4516129,,0.64516129,2025-05-23,2025-05-29
TT 16 | DVY | TT SA 47 | FK&BK | M4 | Sales | CBO-BID | 11.05.25,OM,0.07,18,18,,,,,3.88888889,,0.0,2025-05-23,2025-05-29
TT 06 | DVY | C-1 | 14D Best Ads.-P1 | M4 | Lead | CBO | 08.05.25,XK,0.07,12,23,,,,,3.04347826,,0.0,2025-05-23,2025-05-29
TT 16 | DVY | TT SA 47 | FK&BK | M4 | Sales | CBO-BID | 11.05.25,JO,0.07,22,22,,,,,3.18181818,,0.0,2025-05-23,2025-05-29
TT 16 | DVY | TT SA 47 | FK&BK | M4 | Sales | CBO-BID | 11.05.25,NZ,0.07,0,2,,,,,35.0,,0.0,2025-05-23,2025-05-29
TT 16 | DVY | TT SA 47 | FK&BK | M4 | Sales | CBO-BID | 11.05.25,ML,0.07,8,10,,,,,7.0,,0.0,2025-05-23,2025-05-29
TT 16 | DVY | TT SA 47 | FK&BK | M4 | Sales | CBO-BID | 11.05.25,PH,0.07,0,24,,,,,2.91666667,,0.0,2025-05-23,2025-05-29
TT 16 | DVY | TT SA 47 | FK&BK | M4 | Sales | CBO-BID | 11.05.25,LK,0.07,0,5,,,,,14.0,,0.0,2025-05-23,2025-05-29
TT 06 | DVY | C-1 | 14D Best Ads.-P1 | M4 | Lead | CBO | 08.05.25,BA,0.06,18,18,1.0,,,,3.33333333,0.06,5.55555556,2025-05-23,2025-05-29
TT 03 | DVY | TT SA 47 | OTPKİ-OLT-BK | M4 | Sales | CBO | CosCap-Mix | 08.05.25,QA,0.06,24,37,,,,,1.62162162,,0.0,2025-05-23,2025-05-29
TT 16 | DVY | TT SA 47 | FK&BK | M4 | Sales | CBO-BID | 11.05.25,FJ,0.06,16,33,5.0,,,,1.81818182,0.012,12.12121212,2025-05-23,2025-05-29
TT 03 | DVY | TT SA 47 | OTPKİ-OLT-BK | M4 | Sales | CBO | CosCap-Mix | 08.05.25,KH,0.06,8,10,,,,,6.0,,0.0,2025-05-23,2025-05-29
TT 03 | DVY | TT SA 47 | OTPKİ-OLT-BK | M4 | Sales | CBO | CosCap-Mix | 08.05.25,PE,0.06,9,9,,,,,6.66666667,,0.0,2025-05-23,2025-05-29
TT 16 | DVY | TT SA 47 | FK&BK | M4 | Sales | CBO-BID | 11.05.25,PS,0.06,8,15,,,,,4.0,,0.0,2025-05-23,2025-05-29
TT 35 | DVY | GLOBAL-Hedeflemesiz | OLT-BK | M4 | Lead | CBO | 24.05.25,ES,0.06,6,6,,,,,10.0,,0.0,2025-05-23,2025-05-29
TT 16 | DVY | TT SA 47 | FK&BK | M4 | Sales | CBO-BID | 11.05.25,BA,0.05,25,25,,,,,2.0,,0.0,2025-05-23,2025-05-29
TT 38 | DVY | GLOBAL-Genel Hedeflemeler | OLT-BK | M4 | Lead | CBO | 25.05.25,EE,0.05,8,8,,,,,6.25,,0.0,2025-05-23,2025-05-29
TT 03 | DVY | TT SA 47 | OTPKİ-OLT-BK | M4 | Sales | CBO | CosCap-Mix | 08.05.25,TZ,0.05,20,20,,,,,2.5,,0.0,2025-05-23,2025-05-29
TT 16 | DVY | TT SA 47 | FK&BK | M4 | Sales | CBO-BID | 11.05.25,BH,0.05,8,11,,,,,4.54545455,,0.0,2025-05-23,2025-05-29
TT 16 | DVY | TT SA 47 | FK&BK | M4 | Sales | CBO-BID | 11.05.25,BY,0.05,7,7,,BV_YP_DVY_Seminer_ThankYouPage,0.05,1.0,7.14285714,,0.0,2025-05-23,2025-05-29
TT 03 | DVY | TT SA 47 | OTPKİ-OLT-BK | M4 | Sales | CBO | CosCap-Mix | 08.05.25,NG,0.05,32,32,1.0,,,,1.5625,0.05,3.125,2025-05-23,2025-05-29
TT 16 | DVY | TT SA 47 | FK&BK | M4 | Sales | CBO-BID | 11.05.25,UG,0.05,72,73,,,,,0.68493151,,4.10958904,2025-05-23,2025-05-29
TT 06 | DVY | C-1 | 14D Best Ads.-P1 | M4 | Lead | CBO | 08.05.25,RO,0.05,15,15,,,,,3.33333333,,0.0,2025-05-23,2025-05-29
TT 16 | DVY | TT SA 47 | FK&BK | M4 | Sales | CBO-BID | 11.05.25,NP,0.05,24,33,2.0,,,,1.51515152,0.025,9.09090909,2025-05-23,2025-05-29
TT 06 | DVY | C-1 | 14D Best Ads.-P1 | M4 | Lead | CBO | 08.05.25,IT,0.05,8,15,,,,,3.33333333,,0.0,2025-05-23,2025-05-29
TT 16 | DVY | TT SA 47 | FK&BK | M4 | Sales | CBO-BID | 11.05.25,BJ,0.05,8,24,1.0,,,,2.08333333,0.05,4.16666667,2025-05-23,2025-05-29
TT 35 | DVY | GLOBAL-Hedeflemesiz | OLT-BK | M4 | Lead | CBO | 24.05.25,RS,0.05,9,11,,,,,4.54545455,,0.0,2025-05-23,2025-05-29
TT 36 | DVY | AVRUPA-Hedeflemesiz | OLT-BK | M4 | Lead | CBO | 24.05.25,MD,0.05,16,18,,,,,2.77777778,,0.0,2025-05-23,2025-05-29
TT 35 | DVY | GLOBAL-Hedeflemesiz | OLT-BK | M4 | Lead | CBO | 24.05.25,SK,0.05,5,5,,,,,10.0,,0.0,2025-05-23,2025-05-29
TT 03 | DVY | TT SA 47 | OTPKİ-OLT-BK | M4 | Sales | CBO | CosCap-Mix | 08.05.25,JO,0.05,15,15,,,,,3.33333333,,0.0,2025-05-23,2025-05-29
TT 16 | DVY | TT SA 47 | FK&BK | M4 | Sales | CBO-BID | 11.05.25,GH,0.05,16,28,1.0,,,,1.78571429,0.05,7.14285714,2025-05-23,2025-05-29
TT 36 | DVY | AVRUPA-Hedeflemesiz | OLT-BK | M4 | Lead | CBO | 24.05.25,EE,0.05,2,2,,,,,25.0,,0.0,2025-05-23,2025-05-29
TT 16 | DVY | TT SA 47 | FK&BK | M4 | Sales | CBO-BID | 11.05.25,CZ,0.05,24,26,,,,,1.92307692,,0.0,2025-05-23,2025-05-29
TT 03 | DVY | TT SA 47 | OTPKİ-OLT-BK | M4 | Sales | CBO | CosCap-Mix | 08.05.25,MN,0.05,40,48,,,,,1.04166667,,0.0,2025-05-23,2025-05-29
TT 16 | DVY | TT SA 47 | FK&BK | M4 | Sales | CBO-BID | 11.05.25,RW,0.04,15,15,,,,,2.66666667,,0.0,2025-05-23,2025-05-29
TT 03 | DVY | TT SA 47 | OTPKİ-OLT-BK | M4 | Sales | CBO | CosCap-Mix | 08.05.25,ID,0.04,23,23,,,,,1.73913043,,4.34782609,2025-05-23,2025-05-29
TT 03 | DVY | TT SA 47 | OTPKİ-OLT-BK | M4 | Sales | CBO | CosCap-Mix | 08.05.25,AT,0.04,7,7,,,,,5.71428571,,0.0,2025-05-23,2025-05-29
TT 03 | DVY | TT SA 47 | OTPKİ-OLT-BK | M4 | Sales | CBO | CosCap-Mix | 08.05.25,ZA,0.04,16,16,,,,,2.5,,0.0,2025-05-23,2025-05-29
TT 36 | DVY | AVRUPA-Hedeflemesiz | OLT-BK | M4 | Lead | CBO | 24.05.25,BA,0.04,10,11,,,,,3.63636364,,0.0,2025-05-23,2025-05-29
TT 16 | DVY | TT SA 47 | FK&BK | M4 | Sales | CBO-BID | 11.05.25,MM,0.04,24,24,1.0,,,,1.66666667,0.04,4.16666667,2025-05-23,2025-05-29
TT 03 | DVY | TT SA 47 | OTPKİ-OLT-BK | M4 | Sales | CBO | CosCap-Mix | 08.05.25,EC,0.04,6,6,2.0,,,,6.66666667,0.02,16.66666667,2025-05-23,2025-05-29
TT 35 | DVY | GLOBAL-Hedeflemesiz | OLT-BK | M4 | Lead | CBO | 24.05.25,HR,0.04,4,4,,,,,10.0,,0.0,2025-05-23,2025-05-29
TT 06 | DVY | C-1 | 14D Best Ads.-P1 | M4 | Lead | CBO | 08.05.25,GR,0.04,8,13,,,,,3.07692308,,0.0,2025-05-23,2025-05-29
TT 16 | DVY | TT SA 47 | FK&BK | M4 | Sales | CBO-BID | 11.05.25,PA,0.04,0,3,,,,,13.33333333,,0.0,2025-05-23,2025-05-29
TT 03 | DVY | TT SA 47 | OTPKİ-OLT-BK | M4 | Sales | CBO | CosCap-Mix | 08.05.25,LB,0.04,8,17,,,,,2.35294118,,0.0,2025-05-23,2025-05-29
TT 36 | DVY | AVRUPA-Hedeflemesiz | OLT-BK | M4 | Lead | CBO | 24.05.25,LT,0.04,4,5,,,,,8.0,,0.0,2025-05-23,2025-05-29
TT 03 | DVY | TT SA 47 | OTPKİ-OLT-BK | M4 | Sales | CBO | CosCap-Mix | 08.05.25,PL,0.04,8,23,1.0,,,,1.73913043,0.04,4.34782609,2025-05-23,2025-05-29
TT 16 | DVY | TT SA 47 | FK&BK | M4 | Sales | CBO-BID | 11.05.25,CD,0.04,34,34,3.0,,,,1.17647059,0.01333333,5.88235294,2025-05-23,2025-05-29
TT 03 | DVY | TT SA 47 | OTPKİ-OLT-BK | M4 | Sales | CBO | CosCap-Mix | 08.05.25,RS,0.04,5,5,,,,,8.0,,0.0,2025-05-23,2025-05-29
TT 16 | DVY | TT SA 47 | FK&BK | M4 | Sales | CBO-BID | 11.05.25,MZ,0.04,30,30,1.0,,,,1.33333333,0.04,3.33333333,2025-05-23,2025-05-29
TT 16 | DVY | TT SA 47 | FK&BK | M4 | Sales | CBO-BID | 11.05.25,VN,0.04,16,16,,,,,2.5,,0.0,2025-05-23,2025-05-29
TT 16 | DVY | TT SA 47 | FK&BK | M4 | Sales | CBO-BID | 11.05.25,DK,0.03,8,11,,,,,2.72727273,,0.0,2025-05-23,2025-05-29
TT 35 | DVY | GLOBAL-Hedeflemesiz | OLT-BK | M4 | Lead | CBO | 24.05.25,PT,0.03,5,6,,,,,5.0,,0.0,2025-05-23,2025-05-29
TT 16 | DVY | TT SA 47 | FK&BK | M4 | Sales | CBO-BID | 11.05.25,BI,0.03,6,6,1.0,,,,5.0,0.03,16.66666667,2025-05-23,2025-05-29
TT 16 | DVY | TT SA 47 | FK&BK | M4 | Sales | CBO-BID | 11.05.25,BO,0.03,7,7,,,,,4.28571429,,0.0,2025-05-23,2025-05-29
TT 35 | DVY | GLOBAL-Hedeflemesiz | OLT-BK | M4 | Lead | CBO | 24.05.25,NO,0.03,3,3,,,,,10.0,,0.0,2025-05-23,2025-05-29
TT 16 | DVY | TT SA 47 | FK&BK | M4 | Sales | CBO-BID | 11.05.25,AO,0.03,16,25,,,,,1.2,,0.0,2025-05-23,2025-05-29
TT 35 | DVY | GLOBAL-Hedeflemesiz | OLT-BK | M4 | Lead | CBO | 24.05.25,BA,0.03,11,11,,,,,2.72727273,,0.0,2025-05-23,2025-05-29
TT 16 | DVY | TT SA 47 | FK&BK | M4 | Sales | CBO-BID | 11.05.25,CG,0.03,0,13,,,,,2.30769231,,0.0,2025-05-23,2025-05-29
TT 16 | DVY | TT SA 47 | FK&BK | M4 | Sales | CBO-BID | 11.05.25,VE,0.03,8,29,1.0,,,,1.03448276,0.03,3.44827586,2025-05-23,2025-05-29
TT 35 | DVY | GLOBAL-Hedeflemesiz | OLT-BK | M4 | Lead | CBO | 24.05.25,LT,0.03,6,6,,,,,5.0,,0.0,2025-05-23,2025-05-29
TT 16 | DVY | TT SA 47 | FK&BK | M4 | Sales | CBO-BID | 11.05.25,AT,0.03,14,14,,,,,2.14285714,,0.0,2025-05-23,2025-05-29
TT 16 | DVY | TT SA 47 | FK&BK | M4 | Sales | CBO-BID | 11.05.25,IT,0.03,13,13,,,,,2.30769231,,0.0,2025-05-23,2025-05-29
TT 03 | DVY | TT SA 47 | OTPKİ-OLT-BK | M4 | Sales | CBO | CosCap-Mix | 08.05.25,CI,0.03,16,18,,,,,1.66666667,,0.0,2025-05-23,2025-05-29
TT 16 | DVY | TT SA 47 | FK&BK | M4 | Sales | CBO-BID | 11.05.25,HU,0.03,0,6,,,,,5.0,,0.0,2025-05-23,2025-05-29
TT 03 | DVY | TT SA 47 | OTPKİ-OLT-BK | M4 | Sales | CBO | CosCap-Mix | 08.05.25,IT,0.03,8,17,1.0,BV_YP_DVY_Seminer_ThankYouPage,0.015,2.0,1.76470588,0.03,11.76470588,2025-05-23,2025-05-29
TT 03 | DVY | TT SA 47 | OTPKİ-OLT-BK | M4 | Sales | CBO | CosCap-Mix | 08.05.25,ME,0.03,16,25,1.0,,,,1.2,0.03,4.0,2025-05-23,2025-05-29
TT 03 | DVY | TT SA 47 | OTPKİ-OLT-BK | M4 | Sales | CBO | CosCap-Mix | 08.05.25,ET,0.03,32,32,1.0,,,,0.9375,0.03,3.125,2025-05-23,2025-05-29
TT 06 | DVY | C-1 | 14D Best Ads.-P1 | M4 | Lead | CBO | 08.05.25,PL,0.03,4,9,,,,,3.33333333,,0.0,2025-05-23,2025-05-29
TT 06 | DVY | C-1 | 14D Best Ads.-P1 | M4 | Lead | CBO | 08.05.25,DK,0.03,0,3,,,,,10.0,,0.0,2025-05-23,2025-05-29
TT 06 | DVY | C-1 | 14D Best Ads.-P1 | M4 | Lead | CBO | 08.05.25,BY,0.03,0,2,,,,,15.0,,0.0,2025-05-23,2025-05-29
TT 03 | DVY | TT SA 47 | OTPKİ-OLT-BK | M4 | Sales | CBO | CosCap-Mix | 08.05.25,IL,0.03,0,8,,,,,3.75,,0.0,2025-05-23,2025-05-29
TT 03 | DVY | TT SA 47 | OTPKİ-OLT-BK | M4 | Sales | CBO | CosCap-Mix | 08.05.25,VN,0.03,7,7,,,,,4.28571429,,0.0,2025-05-23,2025-05-29
TT 03 | DVY | TT SA 47 | OTPKİ-OLT-BK | M4 | Sales | CBO | CosCap-Mix | 08.05.25,SN,0.03,0,18,,,,,1.66666667,,0.0,2025-05-23,2025-05-29
TT 16 | DVY | TT SA 47 | FK&BK | M4 | Sales | CBO-BID | 11.05.25,HR,0.03,3,3,,,,,10.0,,0.0,2025-05-23,2025-05-29
TT 03 | DVY | TT SA 47 | OTPKİ-OLT-BK | M4 | Sales | CBO | CosCap-Mix | 08.05.25,JP,0.03,7,7,,,,,4.28571429,,14.28571429,2025-05-23,2025-05-29
TT 03 | DVY | TT SA 47 | OTPKİ-OLT-BK | M4 | Sales | CBO | CosCap-Mix | 08.05.25,AM,0.03,0,23,,,,,1.30434783,,4.34782609,2025-05-23,2025-05-29
TT 16 | DVY | TT SA 47 | FK&BK | M4 | Sales | CBO-BID | 11.05.25,CH,0.03,0,14,,,,,2.14285714,,0.0,2025-05-23,2025-05-29
TT 16 | DVY | TT SA 47 | FK&BK | M4 | Sales | CBO-BID | 11.05.25,CV,0.03,8,8,,,,,3.75,,0.0,2025-05-23,2025-05-29
TT 03 | DVY | TT SA 47 | OTPKİ-OLT-BK | M4 | Sales | CBO | CosCap-Mix | 08.05.25,LR,0.03,32,63,,,,,0.47619048,,0.0,2025-05-23,2025-05-29
TT 16 | DVY | TT SA 47 | FK&BK | M4 | Sales | CBO-BID | 11.05.25,SE,0.03,0,9,,,,,3.33333333,,0.0,2025-05-23,2025-05-29
TT 16 | DVY | TT SA 47 | FK&BK | M4 | Sales | CBO-BID | 11.05.25,MV,0.03,0,12,,,,,2.5,,8.33333333,2025-05-23,2025-05-29
TT 03 | DVY | TT SA 47 | OTPKİ-OLT-BK | M4 | Sales | CBO | CosCap-Mix | 08.05.25,TG,0.02,0,6,,,,,3.33333333,,0.0,2025-05-23,2025-05-29
TT 03 | DVY | TT SA 47 | OTPKİ-OLT-BK | M4 | Sales | CBO | CosCap-Mix | 08.05.25,GH,0.02,8,15,,,,,1.33333333,,0.0,2025-05-23,2025-05-29
TT 16 | DVY | TT SA 47 | FK&BK | M4 | Sales | CBO-BID | 11.05.25,ZM,0.02,24,29,2.0,,,,0.68965517,0.01,3.44827586,2025-05-23,2025-05-29
TT 03 | DVY | TT SA 47 | OTPKİ-OLT-BK | M4 | Sales | CBO | CosCap-Mix | 08.05.25,KE,0.02,8,12,,,,,1.66666667,,0.0,2025-05-23,2025-05-29
TT 03 | DVY | TT SA 47 | OTPKİ-OLT-BK | M4 | Sales | CBO | CosCap-Mix | 08.05.25,KW,0.02,8,13,,,,,1.53846154,,0.0,2025-05-23,2025-05-29
TT 03 | DVY | TT SA 47 | OTPKİ-OLT-BK | M4 | Sales | CBO | CosCap-Mix | 08.05.25,HU,0.02,3,3,,,,,6.66666667,,0.0,2025-05-23,2025-05-29
TT 16 | DVY | TT SA 47 | FK&BK | M4 | Sales | CBO-BID | 11.05.25,TL,0.02,0,3,1.0,,,,6.66666667,0.02,33.33333333,2025-05-23,2025-05-29
TT 16 | DVY | TT SA 47 | FK&BK | M4 | Sales | CBO-BID | 11.05.25,TG,0.02,8,19,1.0,,,,1.05263158,0.02,5.26315789,2025-05-23,2025-05-29
TT 03 | DVY | TT SA 47 | OTPKİ-OLT-BK | M4 | Sales | CBO | CosCap-Mix | 08.05.25,OM,0.02,0,14,,,,,1.42857143,,0.0,2025-05-23,2025-05-29
TT 03 | DVY | TT SA 47 | OTPKİ-OLT-BK | M4 | Sales | CBO | CosCap-Mix | 08.05.25,SO,0.02,88,91,,,,,0.21978022,,0.0,2025-05-23,2025-05-29
TT 06 | DVY | C-1 | 14D Best Ads.-P1 | M4 | Lead | CBO | 08.05.25,AT,0.02,10,10,,,,,2.0,,0.0,2025-05-23,2025-05-29
TT 03 | DVY | TT SA 47 | OTPKİ-OLT-BK | M4 | Sales | CBO | CosCap-Mix | 08.05.25,BA,0.02,15,15,,,,,1.33333333,,0.0,2025-05-23,2025-05-29
TT 06 | DVY | C-1 | 14D Best Ads.-P1 | M4 | Lead | CBO | 08.05.25,BG,0.02,8,11,,,,,1.81818182,,0.0,2025-05-23,2025-05-29
TT 03 | DVY | TT SA 47 | OTPKİ-OLT-BK | M4 | Sales | CBO | CosCap-Mix | 08.05.25,MY,0.02,6,6,,,,,3.33333333,,0.0,2025-05-23,2025-05-29
TT 06 | DVY | C-1 | 14D Best Ads.-P1 | M4 | Lead | CBO | 08.05.25,CZ,0.02,2,2,,,,,10.0,,0.0,2025-05-23,2025-05-29
TT 03 | DVY | TT SA 47 | OTPKİ-OLT-BK | M4 | Sales | CBO | CosCap-Mix | 08.05.25,UA,0.02,8,26,,,,,0.76923077,,0.0,2025-05-23,2025-05-29
TT 36 | DVY | AVRUPA-Hedeflemesiz | OLT-BK | M4 | Lead | CBO | 24.05.25,HR,0.02,2,2,,,,,10.0,,0.0,2025-05-23,2025-05-29
TT 16 | DVY | TT SA 47 | FK&BK | M4 | Sales | CBO-BID | 11.05.25,KW,0.02,8,28,,,,,0.71428571,,0.0,2025-05-23,2025-05-29
TT 16 | DVY | TT SA 47 | FK&BK | M4 | Sales | CBO-BID | 11.05.25,BF,0.02,16,16,1.0,,,,1.25,0.02,6.25,2025-05-23,2025-05-29
TT 16 | DVY | TT SA 47 | FK&BK | M4 | Sales | CBO-BID | 11.05.25,FI,0.02,8,8,,,,,2.5,,0.0,2025-05-23,2025-05-29
TT 16 | DVY | TT SA 47 | FK&BK | M4 | Sales | CBO-BID | 11.05.25,ES,0.02,11,11,,,,,1.81818182,,0.0,2025-05-23,2025-05-29
TT 03 | DVY | TT SA 47 | OTPKİ-OLT-BK | M4 | Sales | CBO | CosCap-Mix | 08.05.25,UG,0.02,0,33,,,,,0.60606061,,0.0,2025-05-23,2025-05-29
TT 16 | DVY | TT SA 47 | FK&BK | M4 | Sales | CBO-BID | 11.05.25,IE,0.02,8,13,,,,,1.53846154,,0.0,2025-05-23,2025-05-29
TT 06 | DVY | C-1 | 14D Best Ads.-P1 | M4 | Lead | CBO | 08.05.25,ME,0.02,4,14,,,,,1.42857143,,7.14285714,2025-05-23,2025-05-29
TT 03 | DVY | TT SA 47 | OTPKİ-OLT-BK | M4 | Sales | CBO | CosCap-Mix | 08.05.25,VC,0.02,0,1,,,,,20.0,,0.0,2025-05-23,2025-05-29
TT 16 | DVY | TT SA 47 | FK&BK | M4 | Sales | CBO-BID | 11.05.25,RS,0.02,8,9,,,,,2.22222222,,0.0,2025-05-23,2025-05-29
TT 35 | DVY | GLOBAL-Hedeflemesiz | OLT-BK | M4 | Lead | CBO | 24.05.25,NZ,0.02,3,3,,,,,6.66666667,,33.33333333,2025-05-23,2025-05-29
TT 03 | DVY | TT SA 47 | OTPKİ-OLT-BK | M4 | Sales | CBO | CosCap-Mix | 08.05.25,PT,0.02,5,5,,,,,4.0,,0.0,2025-05-23,2025-05-29
TT 03 | DVY | TT SA 47 | OTPKİ-OLT-BK | M4 | Sales | CBO | CosCap-Mix | 08.05.25,AR,0.02,0,8,1.0,,,,2.5,0.02,12.5,2025-05-23,2025-05-29
TT 03 | DVY | TT SA 47 | OTPKİ-OLT-BK | M4 | Sales | CBO | CosCap-Mix | 08.05.25,TN,0.02,39,39,1.0,,,,0.51282051,0.02,2.56410256,2025-05-23,2025-05-29
TT 03 | DVY | TT SA 47 | OTPKİ-OLT-BK | M4 | Sales | CBO | CosCap-Mix | 08.05.25,TW,0.02,0,2,,,,,10.0,,0.0,2025-05-23,2025-05-29
TT 03 | DVY | TT SA 47 | OTPKİ-OLT-BK | M4 | Sales | CBO | CosCap-Mix | 08.05.25,MM,0.02,8,20,,,,,1.0,,0.0,2025-05-23,2025-05-29
TT 16 | DVY | TT SA 47 | FK&BK | M4 | Sales | CBO-BID | 11.05.25,CL,0.02,0,4,,,,,5.0,,0.0,2025-05-23,2025-05-29
TT 03 | DVY | TT SA 47 | OTPKİ-OLT-BK | M4 | Sales | CBO | CosCap-Mix | 08.05.25,AO,0.02,15,15,2.0,,,,1.33333333,0.01,20.0,2025-05-23,2025-05-29
TT 35 | DVY | GLOBAL-Hedeflemesiz | OLT-BK | M4 | Lead | CBO | 24.05.25,MD,0.02,6,6,,,,,3.33333333,,0.0,2025-05-23,2025-05-29
TT 03 | DVY | TT SA 47 | OTPKİ-OLT-BK | M4 | Sales | CBO | CosCap-Mix | 08.05.25,CD,0.02,8,16,1.0,,,,1.25,0.02,6.25,2025-05-23,2025-05-29
TT 16 | DVY | TT SA 47 | FK&BK | M4 | Sales | CBO-BID | 11.05.25,LT,0.02,0,4,,,,,5.0,,0.0,2025-05-23,2025-05-29
TT 35 | DVY | GLOBAL-Hedeflemesiz | OLT-BK | M4 | Lead | CBO | 24.05.25,BY,0.02,14,14,,,,,1.42857143,,0.0,2025-05-23,2025-05-29
TT 16 | DVY | TT SA 47 | FK&BK | M4 | Sales | CBO-BID | 11.05.25,JP,0.02,8,10,,,,,2.0,,0.0,2025-05-23,2025-05-29
TT 16 | DVY | TT SA 47 | FK&BK | M4 | Sales | CBO-BID | 11.05.25,YE,0.01,16,22,,,,,0.45454545,,0.0,2025-05-23,2025-05-29
TT 06 | DVY | C-1 | 14D Best Ads.-P1 | M4 | Lead | CBO | 08.05.25,AL,0.01,8,8,,,,,1.25,,0.0,2025-05-23,2025-05-29
TT 16 | DVY | TT SA 47 | FK&BK | M4 | Sales | CBO-BID | 11.05.25,AL,0.01,13,13,,,,,0.76923077,,0.0,2025-05-23,2025-05-29
TT 03 | DVY | TT SA 47 | OTPKİ-OLT-BK | M4 | Sales | CBO | CosCap-Mix | 08.05.25,MT,0.01,5,5,,,,,2.0,,0.0,2025-05-23,2025-05-29
TT 03 | DVY | TT SA 47 | OTPKİ-OLT-BK | M4 | Sales | CBO | CosCap-Mix | 08.05.25,GM,0.01,0,9,,,,,1.11111111,,0.0,2025-05-23,2025-05-29
TT 16 | DVY | TT SA 47 | FK&BK | M4 | Sales | CBO-BID | 11.05.25,NE,0.01,16,22,,,,,0.45454545,,0.0,2025-05-23,2025-05-29
TT 16 | DVY | TT SA 47 | FK&BK | M4 | Sales | CBO-BID | 11.05.25,KE,0.01,31,31,,,,,0.32258065,,3.22580645,2025-05-23,2025-05-29
TT 03 | DVY | TT SA 47 | OTPKİ-OLT-BK | M4 | Sales | CBO | CosCap-Mix | 08.05.25,IE,0.01,0,2,,,,,5.0,,0.0,2025-05-23,2025-05-29
TT 06 | DVY | C-1 | 14D Best Ads.-P1 | M4 | Lead | CBO | 08.05.25,MK,0.01,23,23,,,,,0.43478261,,0.0,2025-05-23,2025-05-29
TT 16 | DVY | TT SA 47 | FK&BK | M4 | Sales | CBO-BID | 11.05.25,LR,0.01,56,68,,,,,0.14705882,,1.47058824,2025-05-23,2025-05-29
TT 03 | DVY | TT SA 47 | OTPKİ-OLT-BK | M4 | Sales | CBO | CosCap-Mix | 08.05.25,LA,0.01,0,2,,,,,5.0,,0.0,2025-05-23,2025-05-29
TT 03 | DVY | TT SA 47 | OTPKİ-OLT-BK | M4 | Sales | CBO | CosCap-Mix | 08.05.25,NO,0.01,0,3,,,,,3.33333333,,0.0,2025-05-23,2025-05-29
TT 03 | DVY | TT SA 47 | OTPKİ-OLT-BK | M4 | Sales | CBO | CosCap-Mix | 08.05.25,GA,0.01,8,8,,,,,1.25,,0.0,2025-05-23,2025-05-29
TT 06 | DVY | C-1 | 14D Best Ads.-P1 | M4 | Lead | CBO | 08.05.25,FI,0.01,0,5,,,,,2.0,,0.0,2025-05-23,2025-05-29
TT 06 | DVY | C-1 | 14D Best Ads.-P1 | M4 | Lead | CBO | 08.05.25,NO,0.01,0,2,,,,,5.0,,0.0,2025-05-23,2025-05-29
TT 06 | DVY | C-1 | 14D Best Ads.-P1 | M4 | Lead | CBO | 08.05.25,UA,0.01,4,4,,,,,2.5,,0.0,2025-05-23,2025-05-29
TT 16 | DVY | TT SA 47 | FK&BK | M4 | Sales | CBO-BID | 11.05.25,EE,0.01,0,1,,,,,10.0,,0.0,2025-05-23,2025-05-29
TT 03 | DVY | TT SA 47 | OTPKİ-OLT-BK | M4 | Sales | CBO | CosCap-Mix | 08.05.25,SK,0.01,0,2,,,,,5.0,,0.0,2025-05-23,2025-05-29
TT 03 | DVY | TT SA 47 | OTPKİ-OLT-BK | M4 | Sales | CBO | CosCap-Mix | 08.05.25,MV,0.01,0,7,,,,,1.42857143,,0.0,2025-05-23,2025-05-29
TT 16 | DVY | TT SA 47 | FK&BK | M4 | Sales | CBO-BID | 11.05.25,MU,0.01,0,1,,,,,10.0,,0.0,2025-05-23,2025-05-29
TT 16 | DVY | TT SA 47 | FK&BK | M4 | Sales | CBO-BID | 11.05.25,DO,0.01,8,8,,,,,1.25,,0.0,2025-05-23,2025-05-29
TT 16 | DVY | TT SA 47 | FK&BK | M4 | Sales | CBO-BID | 11.05.25,GM,0.01,0,12,1.0,,,,0.83333333,0.01,8.33333333,2025-05-23,2025-05-29
TT 16 | DVY | TT SA 47 | FK&BK | M4 | Sales | CBO-BID | 11.05.25,KR,0.01,16,19,,,,,0.52631579,,0.0,2025-05-23,2025-05-29
TT 16 | DVY | TT SA 47 | FK&BK | M4 | Sales | CBO-BID | 11.05.25,CO,0.01,0,5,1.0,,,,2.0,0.01,20.0,2025-05-23,2025-05-29
TT 03 | DVY | TT SA 47 | OTPKİ-OLT-BK | M4 | Sales | CBO | CosCap-Mix | 08.05.25,HK,0.01,0,1,,,,,10.0,,0.0,2025-05-23,2025-05-29
TT 03 | DVY | TT SA 47 | OTPKİ-OLT-BK | M4 | Sales | CBO | CosCap-Mix | 08.05.25,CO,0.01,0,3,,,,,3.33333333,,0.0,2025-05-23,2025-05-29
TT 16 | DVY | TT SA 47 | FK&BK | M4 | Sales | CBO-BID | 11.05.25,MT,0.01,0,3,,,,,3.33333333,,0.0,2025-05-23,2025-05-29
TT 03 | DVY | TT SA 47 | OTPKİ-OLT-BK | M4 | Sales | CBO | CosCap-Mix | 08.05.25,CW,0.01,0,2,,,,,5.0,,0.0,2025-05-23,2025-05-29
TT 03 | DVY | TT SA 47 | OTPKİ-OLT-BK | M4 | Sales | CBO | CosCap-Mix | 08.05.25,PS,0.01,0,4,,,,,2.5,,0.0,2025-05-23,2025-05-29
TT 16 | DVY | TT SA 47 | FK&BK | M4 | Sales | CBO-BID | 11.05.25,PE,0.01,0,2,,,,,5.0,,0.0,2025-05-23,2025-05-29
TT 03 | DVY | TT SA 47 | OTPKİ-OLT-BK | M4 | Sales | CBO | CosCap-Mix | 08.05.25,YE,0.01,32,44,,,,,0.22727273,,0.0,2025-05-23,2025-05-29
TT 03 | DVY | TT SA 47 | OTPKİ-OLT-BK | M4 | Sales | CBO | CosCap-Mix | 08.05.25,SE,0.01,0,5,,,,,2.0,,0.0,2025-05-23,2025-05-29
TT 16 | DVY | TT SA 47 | FK&BK | M4 | Sales | CBO-BID | 11.05.25,SK,0.01,0,2,,,,,5.0,,0.0,2025-05-23,2025-05-29
TT 03 | DVY | TT SA 47 | OTPKİ-OLT-BK | M4 | Sales | CBO | CosCap-Mix | 08.05.25,VE,0.01,8,15,,,,,0.66666667,,0.0,2025-05-23,2025-05-29
TT 16 | DVY | TT SA 47 | FK&BK | M4 | Sales | CBO-BID | 11.05.25,GA,0.01,0,12,,,,,0.83333333,,8.33333333,2025-05-23,2025-05-29
TT 03 | DVY | TT SA 47 | OTPKİ-OLT-BK | M4 | Sales | CBO | CosCap-Mix | 08.05.25,PH,0.01,0,7,,,,,1.42857143,,0.0,2025-05-23,2025-05-29
TT 36 | DVY | AVRUPA-Hedeflemesiz | OLT-BK | M4 | Lead | CBO | 24.05.25,IM,0.01,2,3,,,,,3.33333333,,0.0,2025-05-23,2025-05-29
TT 16 | DVY | TT SA 47 | FK&BK | M4 | Sales | CBO-BID | 11.05.25,TD,0.01,8,22,,,,,0.45454545,,0.0,2025-05-23,2025-05-29
TT 03 | DVY | TT SA 47 | OTPKİ-OLT-BK | M4 | Sales | CBO | CosCap-Mix | 08.05.25,MZ,0.01,11,11,,,,,0.90909091,,0.0,2025-05-23,2025-05-29
TT 03 | DVY | TT SA 47 | OTPKİ-OLT-BK | M4 | Sales | CBO | CosCap-Mix | 08.05.25,NE,0.01,0,5,,,,,2.0,,0.0,2025-05-23,2025-05-29
TT 16 | DVY | TT SA 47 | FK&BK | M4 | Sales | CBO-BID | 11.05.25,SR,0.01,0,3,,,,,3.33333333,,0.0,2025-05-23,2025-05-29
TT 16 | DVY | TT SA 47 | FK&BK | M4 | Sales | CBO-BID | 11.05.25,PT,0.01,0,12,,,,,0.83333333,,0.0,2025-05-23,2025-05-29
TT 16 | DVY | TT SA 47 | FK&BK | M4 | Sales | CBO-BID | 11.05.25,MG,0.01,0,6,,,,,1.66666667,,0.0,2025-05-23,2025-05-29
TT 16 | DVY | TT SA 47 | FK&BK | M4 | Sales | CBO-BID | 11.05.25,UA,0.01,14,14,,,,,0.71428571,,0.0,2025-05-23,2025-05-29
TT 38 | DVY | GLOBAL-Genel Hedeflemeler | OLT-BK | M4 | Lead | CBO | 25.05.25,LI,0.01,4,4,,,,,2.5,,0.0,2025-05-23,2025-05-29
TT 03 | DVY | TT SA 47 | OTPKİ-OLT-BK | M4 | Sales | CBO | CosCap-Mix | 08.05.25,BY,0.01,0,4,,,,,2.5,,0.0,2025-05-23,2025-05-29
TT 03 | DVY | TT SA 47 | OTPKİ-OLT-BK | M4 | Sales | CBO | CosCap-Mix | 08.05.25,CF,0.01,0,1,,,,,10.0,,0.0,2025-05-23,2025-05-29
TT 16 | DVY | TT SA 47 | FK&BK | M4 | Sales | CBO-BID | 11.05.25,AR,0.01,5,5,,,,,2.0,,0.0,2025-05-23,2025-05-29
TT 16 | DVY | TT SA 47 | FK&BK | M4 | Sales | CBO-BID | 11.05.25,DJ,0.01,0,4,1.0,,,,2.5,0.01,25.0,2025-05-23,2025-05-29
TT 03 | DVY | TT SA 47 | OTPKİ-OLT-BK | M4 | Sales | CBO | CosCap-Mix | 08.05.25,CA,0.01,12,12,,,,,0.83333333,,8.33333333,2025-05-23,2025-05-29
TT 03 | DVY | TT SA 47 | OTPKİ-OLT-BK | M4 | Sales | CBO | CosCap-Mix | 08.05.25,CH,0.01,10,10,,,,,1.0,,0.0,2025-05-23,2025-05-29
TT 16 | DVY | TT SA 47 | FK&BK | M4 | Sales | CBO-BID | 11.05.25,MY,0.01,0,3,,,,,3.33333333,,0.0,2025-05-23,2025-05-29
TT 03 | DVY | TT SA 47 | OTPKİ-OLT-BK | M4 | Sales | CBO | CosCap-Mix | 08.05.25,CZ,0.01,17,17,,,,,0.58823529,,0.0,2025-05-23,2025-05-29
TT 03 | DVY | TT SA 47 | OTPKİ-OLT-BK | M4 | Sales | CBO | CosCap-Mix | 08.05.25,DJ,0.01,0,3,,,,,3.33333333,,0.0,2025-05-23,2025-05-29
TT 03 | DVY | TT SA 47 | OTPKİ-OLT-BK | M4 | Sales | CBO | CosCap-Mix | 08.05.25,DO,0.01,17,17,,,,,0.58823529,,0.0,2025-05-23,2025-05-29
TT 16 | DVY | TT SA 47 | FK&BK | M4 | Sales | CBO-BID | 11.05.25,LV,0.01,0,1,,,,,10.0,,0.0,2025-05-23,2025-05-29
TT 03 | DVY | TT SA 47 | OTPKİ-OLT-BK | M4 | Sales | CBO | CosCap-Mix | 08.05.25,NP,0.0,8,18,,,,,0.0,,0.0,2025-05-23,2025-05-29
TT 03 | DVY | TT SA 47 | OTPKİ-OLT-BK | M4 | Sales | CBO | CosCap-Mix | 08.05.25,MU,0.0,1,1,,,,,0.0,,0.0,2025-05-23,2025-05-29
TT 03 | DVY | TT SA 47 | OTPKİ-OLT-BK | M4 | Sales | CBO | CosCap-Mix | 08.05.25,LT,0.0,0,1,,,,,0.0,,0.0,2025-05-23,2025-05-29
TT 03 | DVY | TT SA 47 | OTPKİ-OLT-BK | M4 | Sales | CBO | CosCap-Mix | 08.05.25,RW,0.0,4,4,,,,,0.0,,0.0,2025-05-23,2025-05-29
TT 36 | DVY | AVRUPA-Hedeflemesiz | OLT-BK | M4 | Lead | CBO | 24.05.25,SI,0.0,1,1,,,,,0.0,,0.0,2025-05-23,2025-05-29
TT 03 | DVY | TT SA 47 | OTPKİ-OLT-BK | M4 | Sales | CBO | CosCap-Mix | 08.05.25,BS,0.0,0,1,,,,,0.0,,0.0,2025-05-23,2025-05-29
TT 03 | DVY | TT SA 47 | OTPKİ-OLT-BK | M4 | Sales | CBO | CosCap-Mix | 08.05.25,BW,0.0,0,1,,,,,0.0,,0.0,2025-05-23,2025-05-29
TT 16 | DVY | TT SA 47 | FK&BK | M4 | Sales | CBO-BID | 11.05.25,GU,0.0,3,3,,,,,0.0,,0.0,2025-05-23,2025-05-29
TT 03 | DVY | TT SA 47 | OTPKİ-OLT-BK | M4 | Sales | CBO | CosCap-Mix | 08.05.25,SC,0.0,1,1,,,,,0.0,,0.0,2025-05-23,2025-05-29
TT 03 | DVY | TT SA 47 | OTPKİ-OLT-BK | M4 | Sales | CBO | CosCap-Mix | 08.05.25,CV,0.0,3,3,,,,,0.0,,0.0,2025-05-23,2025-05-29
TT 03 | DVY | TT SA 47 | OTPKİ-OLT-BK | M4 | Sales | CBO | CosCap-Mix | 08.05.25,HT,0.0,4,4,,,,,0.0,,0.0,2025-05-23,2025-05-29
TT 03 | DVY | TT SA 47 | OTPKİ-OLT-BK | M4 | Sales | CBO | CosCap-Mix | 08.05.25,ZW,0.0,0,3,,,,,0.0,,0.0,2025-05-23,2025-05-29
TT 03 | DVY | TT SA 47 | OTPKİ-OLT-BK | M4 | Sales | CBO | CosCap-Mix | 08.05.25,CL,0.0,0,1,,,,,0.0,,0.0,2025-05-23,2025-05-29
TT 03 | DVY | TT SA 47 | OTPKİ-OLT-BK | M4 | Sales | CBO | CosCap-Mix | 08.05.25,ZM,0.0,6,6,,,,,0.0,,0.0,2025-05-23,2025-05-29
TT 03 | DVY | TT SA 47 | OTPKİ-OLT-BK | M4 | Sales | CBO | CosCap-Mix | 08.05.25,AD,0.0,0,1,,,,,0.0,,0.0,2025-05-23,2025-05-29
TT 03 | DVY | TT SA 47 | OTPKİ-OLT-BK | M4 | Sales | CBO | CosCap-Mix | 08.05.25,UY,0.0,0,1,,,,,0.0,,0.0,2025-05-23,2025-05-29
TT 03 | DVY | TT SA 47 | OTPKİ-OLT-BK | M4 | Sales | CBO | CosCap-Mix | 08.05.25,ES,0.0,8,10,,,,,0.0,,0.0,2025-05-23,2025-05-29
TT 03 | DVY | TT SA 47 | OTPKİ-OLT-BK | M4 | Sales | CBO | CosCap-Mix | 08.05.25,KR,0.0,5,5,,,,,0.0,,0.0,2025-05-23,2025-05-29
TT 03 | DVY | TT SA 47 | OTPKİ-OLT-BK | M4 | Sales | CBO | CosCap-Mix | 08.05.25,MW,0.0,0,1,,,,,0.0,,0.0,2025-05-23,2025-05-29
TT 03 | DVY | TT SA 47 | OTPKİ-OLT-BK | M4 | Sales | CBO | CosCap-Mix | 08.05.25,LV,0.0,0,2,,,,,0.0,,0.0,2025-05-23,2025-05-29
TT 03 | DVY | TT SA 47 | OTPKİ-OLT-BK | M4 | Sales | CBO | CosCap-Mix | 08.05.25,AL,0.0,0,3,,,,,0.0,,0.0,2025-05-23,2025-05-29
TT 03 | DVY | TT SA 47 | OTPKİ-OLT-BK | M4 | Sales | CBO | CosCap-Mix | 08.05.25,AG,0.0,0,1,,,,,0.0,,0.0,2025-05-23,2025-05-29
TT 03 | DVY | TT SA 47 | OTPKİ-OLT-BK | M4 | Sales | CBO | CosCap-Mix | 08.05.25,SS,0.0,0,4,,,,,0.0,,25.0,2025-05-23,2025-05-29
TT 03 | DVY | TT SA 47 | OTPKİ-OLT-BK | M4 | Sales | CBO | CosCap-Mix | 08.05.25,GY,0.0,0,2,,,,,0.0,,0.0,2025-05-23,2025-05-29
TT 03 | DVY | TT SA 47 | OTPKİ-OLT-BK | M4 | Sales | CBO | CosCap-Mix | 08.05.25,BO,0.0,0,3,,,,,0.0,,0.0,2025-05-23,2025-05-29
TT 36 | DVY | AVRUPA-Hedeflemesiz | OLT-BK | M4 | Lead | CBO | 24.05.25,LU,0.0,1,1,,,,,0.0,,0.0,2025-05-23,2025-05-29
TT 03 | DVY | TT SA 47 | OTPKİ-OLT-BK | M4 | Sales | CBO | CosCap-Mix | 08.05.25,MD,0.0,0,4,,,,,0.0,,0.0,2025-05-23,2025-05-29
TT 03 | DVY | TT SA 47 | OTPKİ-OLT-BK | M4 | Sales | CBO | CosCap-Mix | 08.05.25,GN,0.0,16,22,,,,,0.0,,0.0,2025-05-23,2025-05-29
TT 03 | DVY | TT SA 47 | OTPKİ-OLT-BK | M4 | Sales | CBO | CosCap-Mix | 08.05.25,CM,0.0,8,16,,,,,0.0,,0.0,2025-05-23,2025-05-29
TT 38 | DVY | GLOBAL-Genel Hedeflemeler | OLT-BK | M4 | Lead | CBO | 25.05.25,IM,0.0,0,4,,,,,0.0,,0.0,2025-05-23,2025-05-29
TT 03 | DVY | TT SA 47 | OTPKİ-OLT-BK | M4 | Sales | CBO | CosCap-Mix | 08.05.25,AU,0.0,11,11,,,,,0.0,,0.0,2025-05-23,2025-05-29
TT 03 | DVY | TT SA 47 | OTPKİ-OLT-BK | M4 | Sales | CBO | CosCap-Mix | 08.05.25,TL,0.0,0,1,,,,,0.0,,0.0,2025-05-23,2025-05-29
TT 03 | DVY | TT SA 47 | OTPKİ-OLT-BK | M4 | Sales | CBO | CosCap-Mix | 08.05.25,DK,0.0,8,11,,,,,0.0,,0.0,2025-05-23,2025-05-29
TT 03 | DVY | TT SA 47 | OTPKİ-OLT-BK | M4 | Sales | CBO | CosCap-Mix | 08.05.25,BF,0.0,0,4,,,,,0.0,,0.0,2025-05-23,2025-05-29
TT 03 | DVY | TT SA 47 | OTPKİ-OLT-BK | M4 | Sales | CBO | CosCap-Mix | 08.05.25,GQ,0.0,0,1,,,,,0.0,,0.0,2025-05-23,2025-05-29
TT 03 | DVY | TT SA 47 | OTPKİ-OLT-BK | M4 | Sales | CBO | CosCap-Mix | 08.05.25,ML,0.0,0,6,,,,,0.0,,0.0,2025-05-23,2025-05-29
TT 16 | DVY | TT SA 47 | FK&BK | M4 | Sales | CBO-BID | 11.05.25,MW,0.0,0,1,,,,,0.0,,0.0,2025-05-23,2025-05-29
TT 16 | DVY | TT SA 47 | FK&BK | M4 | Sales | CBO-BID | 11.05.25,BS,0.0,0,1,,,,,0.0,,0.0,2025-05-23,2025-05-29
TT 16 | DVY | TT SA 47 | FK&BK | M4 | Sales | CBO-BID | 11.05.25,HK,0.0,0,2,,,,,0.0,,0.0,2025-05-23,2025-05-29
TT 16 | DVY | TT SA 47 | FK&BK | M4 | Sales | CBO-BID | 11.05.25,SS,0.0,6,6,,,,,0.0,,0.0,2025-05-23,2025-05-29
TT 16 | DVY | TT SA 47 | FK&BK | M4 | Sales | CBO-BID | 11.05.25,GQ,0.0,4,4,,,,,0.0,,0.0,2025-05-23,2025-05-29
TT 16 | DVY | TT SA 47 | FK&BK | M4 | Sales | CBO-BID | 11.05.25,HN,0.0,0,1,,,,,0.0,,0.0,2025-05-23,2025-05-29
TT 16 | DVY | TT SA 47 | FK&BK | M4 | Sales | CBO-BID | 11.05.25,SC,0.0,1,1,,,,,0.0,,0.0,2025-05-23,2025-05-29
TT 16 | DVY | TT SA 47 | FK&BK | M4 | Sales | CBO-BID | 11.05.25,SX,0.0,0,1,,,,,0.0,,0.0,2025-05-23,2025-05-29
TT 16 | DVY | TT SA 47 | FK&BK | M4 | Sales | CBO-BID | 11.05.25,SI,0.0,0,4,,,,,0.0,,0.0,2025-05-23,2025-05-29
TT 16 | DVY | TT SA 47 | FK&BK | M4 | Sales | CBO-BID | 11.05.25,GY,0.0,0,1,,,,,0.0,,0.0,2025-05-23,2025-05-29
TT 16 | DVY | TT SA 47 | FK&BK | M4 | Sales | CBO-BID | 11.05.25,CF,0.0,0,1,,,,,0.0,,0.0,2025-05-23,2025-05-29
TT 16 | DVY | TT SA 47 | FK&BK | M4 | Sales | CBO-BID | 11.05.25,EC,0.0,4,4,,,,,0.0,,0.0,2025-05-23,2025-05-29
TT 06 | DVY | C-1 | 14D Best Ads.-P1 | M4 | Lead | CBO | 08.05.25,ES,0.0,0,1,,,,,0.0,,0.0,2025-05-23,2025-05-29
TT 06 | DVY | C-1 | 14D Best Ads.-P1 | M4 | Lead | CBO | 08.05.25,IE,0.0,0,4,,,,,0.0,,0.0,2025-05-23,2025-05-29
TT 16 | DVY | TT SA 47 | FK&BK | M4 | Sales | CBO-BID | 11.05.25,SL,0.0,0,13,1.0,,,,0.0,0.0,7.69230769,2025-05-23,2025-05-29
TT 16 | DVY | TT SA 47 | FK&BK | M4 | Sales | CBO-BID | 11.05.25,BZ,0.0,0,1,,,,,0.0,,0.0,2025-05-23,2025-05-29
TT 06 | DVY | C-1 | 14D Best Ads.-P1 | M4 | Lead | CBO | 08.05.25,LT,0.0,1,1,,,,,0.0,,0.0,2025-05-23,2025-05-29
TT 16 | DVY | TT SA 47 | FK&BK | M4 | Sales | CBO-BID | 11.05.25,NO,0.0,0,1,,,,,0.0,,0.0,2025-05-23,2025-05-29
TT 16 | DVY | TT SA 47 | FK&BK | M4 | Sales | CBO-BID | 11.05.25,LA,0.0,0,1,,,,,0.0,,0.0,2025-05-23,2025-05-29
TT 16 | DVY | TT SA 47 | FK&BK | M4 | Sales | CBO-BID | 11.05.25,HT,0.0,5,5,,,,,0.0,,0.0,2025-05-23,2025-05-29
TT 16 | DVY | TT SA 47 | FK&BK | M4 | Sales | CBO-BID | 11.05.25,KY,0.0,0,3,,,,,0.0,,0.0,2025-05-23,2025-05-29
TT 16 | DVY | TT SA 47 | FK&BK | M4 | Sales | CBO-BID | 11.05.25,GW,0.0,8,8,,,,,0.0,,0.0,2025-05-23,2025-05-29
TT 16 | DVY | TT SA 47 | FK&BK | M4 | Sales | CBO-BID | 11.05.25,GT,0.0,0,3,,,,,0.0,,0.0,2025-05-23,2025-05-29
TT 16 | DVY | TT SA 47 | FK&BK | M4 | Sales | CBO-BID | 11.05.25,AU,0.0,5,5,,,,,0.0,,0.0,2025-05-23,2025-05-29
TT 16 | DVY | TT SA 47 | FK&BK | M4 | Sales | CBO-BID | 11.05.25,TT,0.0,0,2,,,,,0.0,,0.0,2025-05-23,2025-05-29
TT 16 | DVY | TT SA 47 | FK&BK | M4 | Sales | CBO-BID | 11.05.25,BB,0.0,0,1,,,,,0.0,,0.0,2025-05-23,2025-05-29
TT 16 | DVY | TT SA 47 | FK&BK | M4 | Sales | CBO-BID | 11.05.25,KM,0.0,6,6,,,,,0.0,,0.0,2025-05-23,2025-05-29
TT 16 | DVY | TT SA 47 | FK&BK | M4 | Sales | CBO-BID | 11.05.25,BT,0.0,0,1,,,,,0.0,,0.0,2025-05-23,2025-05-29
TT 16 | DVY | TT SA 47 | FK&BK | M4 | Sales | CBO-BID | 11.05.25,MD,0.0,0,8,,,,,0.0,,0.0,2025-05-23,2025-05-29
TT 16 | DVY | TT SA 47 | FK&BK | M4 | Sales | CBO-BID | 11.05.25,ZW,0.0,2,2,,,,,0.0,,0.0,2025-05-23,2025-05-29
TT 16 | DVY | TT SA 47 | FK&BK | M4 | Sales | CBO-BID | 11.05.25,LU,0.0,0,2,,,,,0.0,,0.0,2025-05-23,2025-05-29
TT 16 | DVY | TT SA 47 | FK&BK | M4 | Sales | CBO-BID | 11.05.25,MF,0.0,1,1,,,,,0.0,,0.0,2025-05-23,2025-05-29
TT 16 | DVY | TT SA 47 | FK&BK | M4 | Sales | CBO-BID | 11.05.25,PW,0.0,0,1,,,,,0.0,,0.0,2025-05-23,2025-05-29
TT 06 | DVY | C-1 | 14D Best Ads.-P1 | M4 | Lead | CBO | 08.05.25,PT,0.0,3,3,,,,,0.0,,0.0,2025-05-23,2025-05-29
TT 06 | DVY | C-1 | 14D Best Ads.-P1 | M4 | Lead | CBO | 08.05.25,SK,0.0,0,2,,,,,0.0,,0.0,2025-05-23,2025-05-29
TT 03 | DVY | TT SA 47 | OTPKİ-OLT-BK | M4 | Sales | CBO | CosCap-Mix | 08.05.25,FI,0.0,5,5,,,,,0.0,,0.0,2025-05-23,2025-05-29
TT 03 | DVY | TT SA 47 | OTPKİ-OLT-BK | M4 | Sales | CBO | CosCap-Mix | 08.05.25,BZ,0.0,1,1,,,,,0.0,,0.0,2025-05-23,2025-05-29
TT 03 | DVY | TT SA 47 | OTPKİ-OLT-BK | M4 | Sales | CBO | CosCap-Mix | 08.05.25,GW,0.0,0,4,,,,,0.0,,0.0,2025-05-23,2025-05-29
TT 35 | DVY | GLOBAL-Hedeflemesiz | OLT-BK | M4 | Lead | CBO | 24.05.25,SI,0.0,2,2,,,,,0.0,,0.0,2025-05-23,2025-05-29
TT 35 | DVY | GLOBAL-Hedeflemesiz | OLT-BK | M4 | Lead | CBO | 24.05.25,LU,0.0,1,1,,,,,0.0,,0.0,2025-05-23,2025-05-29
TT 03 | DVY | TT SA 47 | OTPKİ-OLT-BK | M4 | Sales | CBO | CosCap-Mix | 08.05.25,LU,0.0,0,1,,,,,0.0,,0.0,2025-05-23,2025-05-29
TT 03 | DVY | TT SA 47 | OTPKİ-OLT-BK | M4 | Sales | CBO | CosCap-Mix | 08.05.25,CG,0.0,0,1,,,,,0.0,,0.0,2025-05-23,2025-05-29
TT 03 | DVY | TT SA 47 | OTPKİ-OLT-BK | M4 | Sales | CBO | CosCap-Mix | 08.05.25,HR,0.0,0,4,,,,,0.0,,0.0,2025-05-23,2025-05-29
TT 03 | DVY | TT SA 47 | OTPKİ-OLT-BK | M4 | Sales | CBO | CosCap-Mix | 08.05.25,BH,0.0,0,6,,,,,0.0,,0.0,2025-05-23,2025-05-29
TT 35 | DVY | GLOBAL-Hedeflemesiz | OLT-BK | M4 | Lead | CBO | 24.05.25,EE,0.0,4,4,,,,,0.0,,0.0,2025-05-23,2025-05-29
TT 03 | DVY | TT SA 47 | OTPKİ-OLT-BK | M4 | Sales | CBO | CosCap-Mix | 08.05.25,TC,0.0,2,2,,,,,0.0,,0.0,2025-05-23,2025-05-29
TT 03 | DVY | TT SA 47 | OTPKİ-OLT-BK | M4 | Sales | CBO | CosCap-Mix | 08.05.25,BJ,0.0,0,3,,,,,0.0,,0.0,2025-05-23,2025-05-29
TT 03 | DVY | TT SA 47 | OTPKİ-OLT-BK | M4 | Sales | CBO | CosCap-Mix | 08.05.25,SX,0.0,0,1,,,,,0.0,,0.0,2025-05-23,2025-05-29
TT 03 | DVY | TT SA 47 | OTPKİ-OLT-BK | M4 | Sales | CBO | CosCap-Mix | 08.05.25,NZ,0.0,0,2,,,,,0.0,,0.0,2025-05-23,2025-05-29
TT 03 | DVY | TT SA 47 | OTPKİ-OLT-BK | M4 | Sales | CBO | CosCap-Mix | 08.05.25,LK,0.0,0,2,,,,,0.0,,0.0,2025-05-23,2025-05-29
TT 03 | DVY | TT SA 47 | OTPKİ-OLT-BK | M4 | Sales | CBO | CosCap-Mix | 08.05.25,MR,0.0,0,9,,,,,0.0,,0.0,2025-05-23,2025-05-29
TT 03 | DVY | TT SA 47 | OTPKİ-OLT-BK | M4 | Sales | CBO | CosCap-Mix | 08.05.25,SL,0.0,0,3,,,,,0.0,,0.0,2025-05-23,2025-05-29
TT 03 | DVY | TT SA 47 | OTPKİ-OLT-BK | M4 | Sales | CBO | CosCap-Mix | 08.05.25,NI,0.0,0,1,,,,,0.0,,0.0,2025-05-23,2025-05-29
TT 03 | DVY | TT SA 47 | OTPKİ-OLT-BK | M4 | Sales | CBO | CosCap-Mix | 08.05.25,BI,0.0,0,1,,,,,0.0,,0.0,2025-05-23,2025-05-29
TT 06 | DVY | C-1 | 14D Best Ads.-P1 | M4 | Lead | CBO | 08.05.25,MT,0.0,0,3,,,,,0.0,,0.0,2025-05-23,2025-05-29
TT 34 | DVY | TT SA 47-Global | FK&BK | M4 | Sales | CBO-BID | 22.05.25,FR,0.0,0,0,,BV_YP_DVY_Seminer_ThankYouPage,0.0,2.0,,,,2025-05-23,2025-05-29
TT 16 | DVY | TT SA 47 | FK&BK | M4 | Sales | CBO-BID | 11.05.25,NI,0.0,0,2,1.0,,,,0.0,0.0,50.0,2025-05-23,2025-05-29
TT 06 | DVY | C-1 | 14D Best Ads.-P1 | M4 | Lead | CBO | 08.05.25,MD,0.0,0,2,,,,,0.0,,0.0,2025-05-23,2025-05-29
TT 34 | DVY | TT SA 47-Global | FK&BK | M4 | Sales | CBO-BID | 22.05.25,PL,0.0,0,0,,BV_YP_DVY_Seminer_ThankYouPage,0.0,1.0,,,,2025-05-23,2025-05-29
TT 34 | DVY | TT SA 47-Global | FK&BK | M4 | Sales | CBO-BID | 22.05.25,NL,0.0,0,0,,BV_YP_DVY_Seminer_ThankYouPage,0.0,1.0,,,,2025-05-23,2025-05-29
TT 34 | DVY | TT SA 47-Global | FK&BK | M4 | Sales | CBO-BID | 22.05.25,GB,0.0,0,0,,BV_YP_DVY_Seminer_ThankYouPage,0.0,1.0,,,,2025-05-23,2025-05-29
TT 34 | DVY | TT SA 47-Global | FK&BK | M4 | Sales | CBO-BID | 22.05.25,DE,0.0,0,0,,BV_YP_DVY_Seminer_ThankYouPage,0.0,1.0,,,,2025-05-23,2025-05-29
TT 06 | DVY | C-1 | 14D Best Ads.-P1 | M4 | Lead | CBO | 08.05.25,CH,0.0,6,6,,,,,0.0,,0.0,2025-05-23,2025-05-29
TT 03 | DVY | TT SA 47 | OTPKİ-OLT-BK | M4 | Sales | CBO | CosCap-Mix | 08.05.25,PY,0.0,0,1,,,,,0.0,,0.0,2025-05-23,2025-05-29
TT 06 | DVY | C-1 | 14D Best Ads.-P1 | M4 | Lead | CBO | 08.05.25,HU,0.0,0,4,,,,,0.0,,0.0,2025-05-23,2025-05-29
TT 06 | DVY | C-1 | 14D Best Ads.-P1 | M4 | Lead | CBO | 08.05.25,RS,0.0,6,6,,,,,0.0,,0.0,2025-05-23,2025-05-29
TT 06 | DVY | C-1 | 14D Best Ads.-P1 | M4 | Lead | CBO | 08.05.25,SE,0.0,3,3,,,,,0.0,,0.0,2025-05-23,2025-05-29
TT 03 | DVY | TT SA 47 | OTPKİ-OLT-BK | M4 | Sales | CBO | CosCap-Mix | 08.05.25,TD,0.0,8,8,1.0,,,,0.0,0.0,12.5,2025-05-23,2025-05-29
TT 03 | DVY | TT SA 47 | OTPKİ-OLT-BK | M4 | Sales | CBO | CosCap-Mix | 08.05.25,KY,0.0,0,1,,,,,0.0,,0.0,2025-05-23,2025-05-29
TT 03 | DVY | TT SA 47 | OTPKİ-OLT-BK | M4 | Sales | CBO | CosCap-Mix | 08.05.25,SV,0.0,0,1,,,,,0.0,,0.0,2025-05-23,2025-05-29
TT 03 | DVY | TT SA 47 | OTPKİ-OLT-BK | M4 | Sales | CBO | CosCap-Mix | 08.05.25,LC,0.0,0,2,,,,,0.0,,0.0,2025-05-23,2025-05-29
TT 03 | DVY | TT SA 47 | OTPKİ-OLT-BK | M4 | Sales | CBO | CosCap-Mix | 08.05.25,MG,0.0,0,2,,,,,0.0,,0.0,2025-05-23,2025-05-29
